/home/forlinx/Models/Python2/lib/python3.9/site-packages/fuzzywuzzy/fuzz.py:11: UserWarning: Using slow pure-python SequenceMatcher. Install python-Levenshtein to remove this warning
  warnings.warn('Using slow pure-python SequenceMatcher. Install python-Levenshtein to remove this warning')
W rknn-toolkit-lite2 version: 2.3.2
W rknn-toolkit-lite2 version: 2.3.2
W rknn-toolkit-lite2 version: 2.3.2
W rknn-toolkit-lite2 version: 2.3.2
W rknn-toolkit-lite2 version: 2.3.2
W Query dynamic range failed. Ret code: RKNN_ERR_MODEL_INVALID. (If it is a static shape RKNN model, please ignore the above warning message.)
数据库连接成功
✅ 已加载 30 个药品名称
✅ 已加载 20 个患者名称
所有患者 ['魏理想', '魏理想', '魏理想', '魏理想', '魏理想', '魏理想', '魏理想', '魏理想', '魏理想', '魏理想', '魏理想', '魏理想', '魏理想', '魏理想', '魏理想', '魏理想', '魏理想', '魏理想', '魏理想', '魏理想']
[特征缓存] 已从 ./single_image_feature_cache.pkl 加载 29 种药品特征
[初始化完成] 已加载 29 种药品特征到内存
初始化 RKNN OCR 实例池...
RKNN OCR 初始化完成: 1 个实例
实时运行参数:
  recognition_workers: 1
  trigger_interval: 5.0
  max_frames: 60
  quiet_ocr: True
  headless: True
  ocr_instances: 1
  mixed_ocr_batch: 1

============================================================
启动实时视频识别: YOLO + RKNN OCR + SIFT
============================================================
RTSP 参数:
{'username': 'admin', 'password': 'a1b2c3d4', 'ip_address': '192.168.254.5', 'port': '554', 'channel': '201'}
📋 OCR 模型分配:
  OCR/SIFT 后台识别: 单线程顺序处理
  实际 OCR 实例: 1 个
  使用第 1 个 OCR 实例处理所有药瓶/药袋/输液袋任务
  headless显示模式: True
RTSP: rtsp://admin:****@192.168.254.5:554/Streaming/Channels/201
🔄 正在连接 RTSP 流...
✅ RTSP连接成功！分辨率: 3840x2160, 帧率: 20.0
Connecting RTSP stream...
0

============================================================
🚀 实时目标检测已启动 YOLOv8 + 切片处理
  批量帧数: 1
  自动触发间隔: 5.0 秒
  按键: 'q'-退出  's'-截图  'r'-切换模式
============================================================

detections: [[888.8426513671875, 949.0257568359375, 1287.7017822265625, 1161.7679443359375, 0.78173828125, 0.0], [1786.8194580078125, 558.020263671875, 1950.3648681640625, 935.5765380859375, 0.75732421875, 0.0], [1936.446044921875, 672.2163696289062, 2058.235107421875, 933.8648071289062, 0.77490234375, 0.0], [1009.109375, 313.0000305175781, 1802.47802734375, 1052.4625244140625, 0.59228515625, 2.0], [932.9911499023438, 933.86474609375, 2000.38525390625, 1251.266357421875, 0.464599609375, 2.0], [1788.7242431640625, 558.5093994140625, 1949.2247314453125, 934.109375, 0.724609375, 0.0], [1938.2420654296875, 672.7054443359375, 2058.5087890625, 933.375732421875, 0.7890625, 0.0], [2385.0556640625, 814.5335693359375, 2754.7724609375, 1055.641357421875, 0.75146484375, 1.0], [1613.0, 494.6867370605469, 1794.052490234375, 1070.313232421875, 0.5439453125, 2.0], [897.3243408203125, 951.526611328125, 1287.9193115234375, 1158.64453125, 0.7548828125, 0.0], [789.4541015625, 935.8765869140625, 1903.823974609375, 1817.1671142578125, 0.5029296875, 2.0], [2576.873291015625, 1768.75, 3010.094482421875, 1939.921875, 0.76953125, 0.0], [2379.401123046875, 907.6332397460938, 2758.687255859375, 1056.4305419921875, 0.826171875, 1.0], [1940.090576171875, 907.0219116210938, 2647.337158203125, 1869.496826171875, 0.75634765625, 2.0], [2174.31689453125, 908.0, 2977.68994140625, 1269.90625, 0.6943359375, 2.0], [1611.695068359375, 964.2421875, 1905.728759765625, 1860.20458984375, 0.61865234375, 2.0]]
detections: [[890.7999267578125, 938.7554321289062, 1285.7445068359375, 1152.4757080078125, 0.7763671875, 0.0], [1786.8194580078125, 550.928955078125, 1950.3648681640625, 912.3460693359375, 0.7451171875, 0.0], [1936.446044921875, 661.946044921875, 2058.235107421875, 920.66015625, 0.771484375, 0.0], [1035.20703125, 448.9593811035156, 1805.957763671875, 1036.8125, 0.59912109375, 2.0], [1056.085205078125, 928.9742431640625, 1988.641357421875, 1254.2008056640625, 0.5048828125, 2.0], [1790.029052734375, 552.3961181640625, 1950.0947265625, 910.87890625, 0.70947265625, 0.0], [1937.4808349609375, 663.1687622070312, 2060.57470703125, 921.3937377929688, 0.79296875, 0.0], [2386.360595703125, 806.7085571289062, 2753.467529296875, 1039.9913330078125, 0.78759765625, 1.0], [1613.0, 928.4851684570312, 2200.197265625, 1252.733642578125, 0.5625, 2.0], [1613.326171875, 466.56561279296875, 1795.466064453125, 1037.79052734375, 0.55859375, 2.0], [899.064208984375, 942.968017578125, 1289.6591796875, 1150.0859375, 0.7109375, 0.0], [1220.0654296875, 931.4749755859375, 1908.173583984375, 1823.5250244140625, 0.5087890625, 2.0], [2579.918212890625, 1753.344482421875, 3012.269287109375, 1926.961669921875, 0.791015625, 0.0], [2381.575927734375, 907.877685546875, 2758.252197265625, 1045.548828125, 0.8271484375, 1.0], [1958.359130859375, 913.8687744140625, 2647.337158203125, 1868.5186767578125, 0.7421875, 2.0], [2156.048828125, 909.22265625, 2988.9990234375, 1250.832763671875, 0.60205078125, 2.0], [1611.2601318359375, 956.90625, 1897.2469482421875, 1842.109375, 0.6376953125, 2.0]]
detections: [[883.840576171875, 942.1788330078125, 1284.004638671875, 1156.8773193359375, 0.7744140625, 0.0], [1786.8194580078125, 552.8851318359375, 1950.3648681640625, 916.258544921875, 0.74560546875, 0.0], [1936.446044921875, 666.5921630859375, 2058.235107421875, 923.8389892578125, 0.77001953125, 0.0], [1790.029052734375, 554.3523559570312, 1950.964599609375, 916.7476196289062, 0.72021484375, 0.0], [1938.2420654296875, 667.0812377929688, 2061.11865234375, 924.3280639648438, 0.77978515625, 0.0], [2385.0556640625, 805.9749755859375, 2754.7724609375, 1048.5499267578125, 0.77587890625, 1.0], [2152.3515625, 601.546875, 2985.73681640625, 1251.0218505859375, 0.64990234375, 2.0], [1613.0, 924.3280639648438, 2209.766357421875, 1252.97802734375, 0.59228515625, 2.0], [1613.326171875, 488.3288879394531, 1794.813720703125, 1049.2835693359375, 0.53076171875, 2.0], [889.9300537109375, 941.745361328125, 1284.8746337890625, 1154.9765625, 0.716796875, 0.0], [1859.8929443359375, 1466.75390625, 2072.15380859375, 1724.48974609375, 0.47021484375, 0.0], [788.1492309570312, 928.0516357421875, 1903.38916015625, 1819.1234130859375, 0.47314453125, 2.0], [2575.568359375, 1757.7459716796875, 3020.0986328125, 1928.4288330078125, 0.7958984375, 0.0], [2381.575927734375, 907.8777465820312, 2758.252197265625, 1050.1949462890625, 0.78466796875, 1.0], [1938.5682373046875, 911.91259765625, 2646.249755859375, 1869.0078125, 0.75341796875, 2.0], [2169.31494140625, 908.9780883789062, 2980.9521484375, 1255.234375, 0.67578125, 2.0], [1611.6951904296875, 960.8187255859375, 1904.8587646484375, 1848.9561767578125, 0.61669921875, 2.0]]
detections: [[883.6231689453125, 943.6461181640625, 1282.4822998046875, 1161.2789306640625, 0.67333984375, 0.0], [1788.559326171875, 557.2867431640625, 1952.104736328125, 929.4632568359375, 0.75732421875, 0.0], [1937.31591796875, 670.7492065429688, 2057.365234375, 925.5507202148438, 0.7724609375, 0.0], [2918.31787109375, 706.9398193359375, 3261.93701171875, 1249.3101806640625, 0.541015625, 0.0], [1792.09521484375, 558.5093383789062, 1951.50830078125, 921.3937377929688, 0.71826171875, 0.0], [1940.63427734375, 670.7492065429688, 2060.466064453125, 925.5507202148438, 0.7734375, 0.0], [2384.62060546875, 805.9749755859375, 2755.20751953125, 1047.5718994140625, 0.6533203125, 1.0], [2129.950927734375, 605.4593505859375, 2995.958251953125, 1252.0, 0.75, 2.0], [1613.8699951171875, 919.6820068359375, 2185.40869140625, 1251.7554931640625, 0.466552734375, 2.0], [1613.869873046875, 567.3125, 1799.27197265625, 1228.52490234375, 0.456787109375, 2.0], [1612.5650634765625, 507.6468505859375, 1795.9010009765625, 1148.3187255859375, 0.541015625, 2.0], [885.3629150390625, 947.9197998046875, 1273.7830810546875, 1158.0943603515625, 0.57861328125, 0.0], [879.926025390625, 927.5625610351562, 1907.3037109375, 1816.67822265625, 0.5849609375, 2.0], [2989.21630859375, 900.6640625, 3281.51025390625, 1841.620361328125, 0.451416015625, 0.0], [2576.873291015625, 1761.658447265625, 3017.053955078125, 1934.297607421875, 0.794921875, 0.0], [2387.23046875, 908.1222534179688, 2761.296875, 1055.0855712890625, 0.6259765625, 1.0], [1920.952392578125, 903.109375, 2644.727294921875, 1868.518798828125, 0.67626953125, 2.0], [2172.794921875, 908.2445068359375, 2980.9521484375, 1262.3258056640625, 0.64111328125, 2.0], [1610.8251953125, 957.8843994140625, 1887.025390625, 1841.1312255859375, 0.5029296875, 2.0]]
detections: [[880.3609619140625, 941.934326171875, 1285.7445068359375, 1157.121826171875, 0.77197265625, 0.0], [1786.8194580078125, 552.8851318359375, 1950.3648681640625, 916.258544921875, 0.7548828125, 0.0], [1936.446044921875, 665.3695068359375, 2058.235107421875, 923.10546875, 0.775390625, 0.0], [1015.6337280273438, 520.3624267578125, 1809.872314453125, 1050.5062255859375, 0.56494140625, 2.0], [1788.99609375, 554.3523559570312, 1950.69287109375, 916.7476196289062, 0.73193359375, 0.0], [1938.3507080078125, 666.1030883789062, 2060.57470703125, 924.3280639648438, 0.783203125, 0.0], [2384.838134765625, 808.664794921875, 2754.989990234375, 1047.81640625, 0.7626953125, 1.0], [2153.8740234375, 590.053955078125, 2992.91357421875, 1248.821044921875, 0.68896484375, 2.0], [1613.0, 926.5288696289062, 2204.546875, 1252.7335205078125, 0.58837890625, 2.0], [1613.217529296875, 488.0843811035156, 1799.27197265625, 1037.7906494140625, 0.5732421875, 2.0], [886.8853759765625, 942.3565673828125, 1287.9193115234375, 1155.8323974609375, 0.69140625, 0.0], [1864.2425537109375, 1470.421875, 2074.763671875, 1729.625, 0.63037109375, 0.0], [875.141357421875, 929.518798828125, 1906.86865234375, 1822.057861328125, 0.48095703125, 2.0], [2576.873291015625, 1759.9468994140625, 3017.053955078125, 1932.0968017578125, 0.8193359375, 0.0], [1861.471435546875, 1469.4437255859375, 2073.514892578125, 1730.6031494140625, 0.45947265625, 0.0], [2381.14111328125, 907.7554931640625, 2758.68701171875, 1050.6839599609375, 0.79638671875, 1.0], [1948.7899169921875, 908.9781494140625, 2643.857421875, 1875.3656005859375, 0.7744140625, 2.0], [2168.4453125, 909.22265625, 2985.3017578125, 1250.832763671875, 0.67431640625, 2.0], [1611.4776611328125, 962.7750244140625, 1901.3790283203125, 1845.0438232421875, 0.6220703125, 2.0]]
detections: [[883.840576171875, 945.3578491210938, 1275.305419921875, 1159.5672607421875, 0.787109375, 0.0], [1786.8194580078125, 556.797607421875, 1950.3648681640625, 931.9085693359375, 0.7529296875, 0.0], [1935.576171875, 670.2601318359375, 2059.10498046875, 926.039794921875, 0.7724609375, 0.0], [1002.1500244140625, 326.6937561035156, 1804.2178955078125, 1053.440673828125, 0.6162109375, 2.0], [2917.447998046875, 705.47265625, 3262.806884765625, 1248.821044921875, 0.499755859375, 0.0], [1788.8330078125, 557.7757568359375, 1950.4208984375, 930.930419921875, 0.732421875, 0.0], [1938.677001953125, 670.9937133789062, 2059.813720703125, 926.2843627929688, 0.78515625, 0.0], [2384.4033203125, 806.953125, 2755.4248046875, 1051.484375, 0.76513671875, 1.0], [2139.085205078125, 611.328125, 2990.303955078125, 1252.0, 0.74267578125, 2.0], [1613.869873046875, 923.1054077148438, 2184.103759765625, 1252.2445068359375, 0.47021484375, 2.0], [1613.1087646484375, 506.6687316894531, 1795.5748291015625, 1074.9593505859375, 0.5439453125, 2.0], [887.5377807617188, 946.8804321289062, 1275.0880126953125, 1158.1553955078125, 0.74169921875, 0.0], [1866.852294921875, 1469.9327392578125, 2072.15380859375, 1727.1795654296875, 0.62548828125, 0.0], [896.01953125, 930.0078125, 1908.608642578125, 1820.1015625, 0.63427734375, 2.0], [2576.873291015625, 1759.7022705078125, 3018.793701171875, 1930.3851318359375, 0.826171875, 0.0], [1863.1025390625, 1469.932861328125, 2072.31884765625, 1729.135986328125, 0.52294921875, 0.0], [2387.447998046875, 908.1222534179688, 2759.339599609375, 1054.229736328125, 0.79931640625, 1.0], [1954.00927734375, 904.5765991210938, 2643.857421875, 1874.387451171875, 0.7939453125, 2.0], [2164.748046875, 908.2445678710938, 2980.2998046875, 1259.3914794921875, 0.69482421875, 2.0], [1611.6951904296875, 958.862548828125, 1908.3385009765625, 1849.934326171875, 0.63623046875, 2.0]]
detections: [[879.9259033203125, 938.9999389648438, 1284.4395751953125, 1158.0999755859375, 0.806640625, 0.0], [1788.559326171875, 551.6625366210938, 1948.625, 911.6124877929688, 0.7490234375, 0.0], [1935.576171875, 664.1468505859375, 2059.10498046875, 925.3062744140625, 0.7646484375, 0.0], [1101.756103515625, 526.4757080078125, 1800.30322265625, 1034.6116943359375, 0.8173828125, 2.0], [1212.671142578125, 932.8866577148438, 2000.8203125, 1254.20068359375, 0.62646484375, 2.0], [1790.3553466796875, 552.8851318359375, 1948.8985595703125, 906.477294921875, 0.73291015625, 0.0], [1936.6109619140625, 665.1249389648438, 2061.44482421875, 925.3062133789062, 0.79248046875, 0.0], [2387.23046875, 811.84375, 2752.59765625, 1039.746826171875, 0.8037109375, 1.0], [1613.0, 939.9781494140625, 2198.45751953125, 1252.9781494140625, 0.57666015625, 2.0], [1613.43505859375, 468.5218505859375, 1796.77099609375, 1025.074951171875, 0.58056640625, 2.0], [889.9300537109375, 923.8333740234375, 1286.6143798828125, 1154.3040771484375, 0.7412109375, 0.0], [1857.283203125, 1460.151611328125, 2074.763671875, 1724.245361328125, 0.55908203125, 0.0], [1233.54931640625, 939.300048828125, 1910.348388671875, 1800.050048828125, 0.74560546875, 2.0], [3258.89208984375, 908.9781494140625, 3853.91845703125, 1175.5172119140625, 0.475341796875, 0.0], [2577.743408203125, 1755.05615234375, 3016.183837890625, 1926.22802734375, 0.81689453125, 0.0], [2385.0556640625, 907.8777465820312, 2758.251953125, 1044.203857421875, 0.82958984375, 1.0], [1965.970703125, 918.7593994140625, 2646.6845703125, 1869.4969482421875, 0.7119140625, 2.0], [2167.35791015625, 909.4671630859375, 2986.38916015625, 1251.3218994140625, 0.5654296875, 2.0], [1611.042724609375, 957.3953247070312, 1895.507080078125, 1853.846923828125, 0.67431640625, 2.0]]
detections: [[879.70849609375, 939.9781494140625, 1289.876708984375, 1153.2093505859375, 0.73486328125, 0.0], [1787.689453125, 547.75, 1949.494873046875, 913.5687255859375, 0.74560546875, 0.0], [1936.446044921875, 658.5226440429688, 2058.235107421875, 916.2586059570312, 0.77197265625, 0.0], [1019.54833984375, 505.6905822753906, 1805.957763671875, 1036.8125, 0.58935546875, 2.0], [1790.57275390625, 549.7062377929688, 1950.4208984375, 914.5468139648438, 0.7060546875, 0.0], [1939.98193359375, 659.9898071289062, 2060.24853515625, 916.7476196289062, 0.7802734375, 0.0], [2385.7080078125, 798.39453125, 2754.1201171875, 1042.4366455078125, 0.7177734375, 1.0], [2148.871826171875, 601.3023071289062, 2989.216552734375, 1249.31005859375, 0.77001953125, 2.0], [1613.43505859375, 918.9484252929688, 2181.493896484375, 1252.489013671875, 0.49951171875, 2.0], [1613.543701171875, 484.171875, 1794.92236328125, 1065.1781005859375, 0.515625, 2.0], [891.23486328125, 930.0689697265625, 1290.529052734375, 1151.4920654296875, 0.67822265625, 0.0], [934.2960205078125, 924.1390380859375, 1908.6085205078125, 1818.6343994140625, 0.4697265625, 2.0], [3264.981689453125, 909.22265625, 3851.308837890625, 1172.582763671875, 0.472412109375, 0.0], [2577.308349609375, 1753.344482421875, 3018.358642578125, 1926.961669921875, 0.78173828125, 0.0], [2387.012939453125, 907.7554931640625, 2761.514404296875, 1044.6929931640625, 0.5751953125, 1.0], [1958.35888671875, 902.1312255859375, 2645.59716796875, 1870.4749755859375, 0.5634765625, 2.0], [2174.9697265625, 909.4671630859375, 2987.4765625, 1234.6937255859375, 0.62353515625, 2.0], [1611.4775390625, 948.1031494140625, 1905.51123046875, 1840.1531982421875, 0.5146484375, 2.0]]

⏰ 定时触发 → 后台线程已启动
最清晰帧: 批次 2/2 中的第 1 张
检测结果: 药袋 1 个, 药瓶 5 个, 输液袋 6 个

============================================================
[单线程顺序处理] 共 12 个任务: 药瓶 5, 药袋 1, 输液袋 6
============================================================
🔍 药品匹配模式，查询：科林注射用实CeftorS耕
[警告] 以下药品未在缓存中找到: ['注射用头孢唑啉钠']
药瓶旋转
[特征提取耗时] 0.0364 秒
[分类耗时] 0.1180 秒
🔍 药品匹配模式，查询：040
⚠️ 未找到匹配结果,返回所有药品名称
[警告] 以下药品未在缓存中找到: ['注射用头孢唑啉钠']
药瓶旋转
[特征提取耗时] 0.0382 秒
[分类耗时] 0.1465 秒
🔍 药品匹配模式，查询：销好色20062027/9
🔍 患者匹配模式，查询：赵三虎

[Timing Summary last 1] background_total:avg=3.57s,max=3.57s,p95=3.57s | bag_count:avg=1.00s,max=1.00s,p95=1.00s | bag_match:avg=0.00s,max=0.00s,p95=0.00s | bag_ocr_angle_cls:avg=0.07s,max=0.07s,p95=0.07s | bag_ocr_bag_angle_cls:avg=0.01s,max=0.01s,p95=0.01s | bag_ocr_bag_angle_pred:avg=0.00s,max=0.00s,p95=0.00s | bag_ocr_bag_name_roi_extract:avg=0.19s,max=0.19s,p95=0.19s | bag_ocr_bottle_angle_cls:avg=0.05s,max=0.05s,p95=0.05s | bag_ocr_bottle_angle_pred:avg=5.00s,max=5.00s,p95=5.00s | bag_ocr_mixed_rknn_det:avg=1.22s,max=1.22s,p95=1.22s | bag_ocr_mixed_rknn_det_infer:avg=1.09s,max=1.09s,p95=1.09s | bag_ocr_mixed_rknn_rec:avg=1.41s,max=1.41s,p95=1.41s | bag_ocr_mixed_text_regions:avg=49.00s,max=49.00s,p95=49.00s | bag_ocr_shuye_angle_cls:avg=0.07s,max=0.07s,p95=0.07s | bag_ocr_shuye_preprocess:avg=0.04s,max=0.04s,p95=0.04s | bag_total:avg=0.00s,max=0.00s,p95=0.00s | bottle_classify:avg=0.26s,max=0.26s,p95=0.26s | bottle_count:avg=5.00s,max=5.00s,p95=5.00s | bottle_match:avg=0.03s,max=0.03s,p95=0.03s | bottle_ocr_angle_cls:avg=0.33s,max=0.33s,p95=0.33s | bottle_ocr_bag_angle_cls:avg=0.01s,max=0.01s,p95=0.01s | bottle_ocr_bag_angle_pred:avg=0.00s,max=0.00s,p95=0.00s | bottle_ocr_bag_name_roi_extract:avg=0.19s,max=0.19s,p95=0.19s | bottle_ocr_bottle_angle_cls:avg=0.05s,max=0.05s,p95=0.05s | bottle_ocr_bottle_angle_pred:avg=5.00s,max=5.00s,p95=5.00s | bottle_ocr_mixed_rknn_det:avg=1.22s,max=1.22s,p95=1.22s | bottle_ocr_mixed_rknn_det_infer:avg=1.09s,max=1.09s,p95=1.09s | bottle_ocr_mixed_rknn_rec:avg=1.41s,max=1.41s,p95=1.41s | bottle_ocr_mixed_text_regions:avg=49.00s,max=49.00s,p95=49.00s | bottle_ocr_shuye_angle_cls:avg=0.07s,max=0.07s,p95=0.07s | bottle_ocr_shuye_preprocess:avg=0.04s,max=0.04s,p95=0.04s | bottle_total:avg=0.29s,max=0.29s,p95=0.29s | crop:avg=0.00s,max=0.00s,p95=0.00s | prepare_and_recognition:avg=3.28s,max=3.28s,p95=3.28s | recognition_tasks:avg=3.57s,max=3.57s,p95=3.57s | runtime_excluding_model_init:avg=3.57s,max=3.57s,p95=3.57s | select_sharpest:avg=0.28s,max=0.28s,p95=0.28s | shuye_count:avg=6.00s,max=6.00s,p95=6.00s | shuye_ocr_angle_cls:avg=0.40s,max=0.40s,p95=0.40s | shuye_ocr_bag_angle_cls:avg=0.01s,max=0.01s,p95=0.01s | shuye_ocr_bag_angle_pred:avg=0.00s,max=0.00s,p95=0.00s | shuye_ocr_bag_name_roi_extract:avg=0.19s,max=0.19s,p95=0.19s | shuye_ocr_bottle_angle_cls:avg=0.05s,max=0.05s,p95=0.05s | shuye_ocr_bottle_angle_pred:avg=5.00s,max=5.00s,p95=5.00s | shuye_ocr_mixed_rknn_det:avg=1.22s,max=1.22s,p95=1.22s | shuye_ocr_mixed_rknn_det_infer:avg=1.09s,max=1.09s,p95=1.09s | shuye_ocr_mixed_rknn_rec:avg=1.41s,max=1.41s,p95=1.41s | shuye_ocr_mixed_text_regions:avg=49.00s,max=49.00s,p95=49.00s | shuye_ocr_shuye_angle_cls:avg=0.07s,max=0.07s,p95=0.07s | shuye_ocr_shuye_preprocess:avg=0.04s,max=0.04s,p95=0.04s | shuye_total:avg=0.00s,max=0.00s,p95=0.00s | target_count:avg=12.00s,max=12.00s,p95=12.00s

[Step Timing Detail]
  batch: background_total=3.5659s | bag_count=1.0000s | bag_match=0.0006s | bag_ocr_angle_cls=0.0662s | bag_ocr_bag_angle_cls=0.0085s | bag_ocr_bag_angle_pred=0.0000s | bag_ocr_bag_name_roi_extract=0.1914s | bag_ocr_bottle_angle_cls=0.0517s | bag_ocr_bottle_angle_pred=5.0000s | bag_ocr_mixed_rknn_det=1.2206s | bag_ocr_mixed_rknn_det_infer=1.0884s | bag_ocr_mixed_rknn_rec=1.4089s | bag_ocr_mixed_text_regions=49.0000s | bag_ocr_shuye_angle_cls=0.0662s | bag_ocr_shuye_preprocess=0.0367s | bag_total=0.0006s | bottle_classify=0.2647s | bottle_count=5.0000s | bottle_match=0.0265s | bottle_ocr_angle_cls=0.3308s | bottle_ocr_bag_angle_cls=0.0085s | bottle_ocr_bag_angle_pred=0.0000s | bottle_ocr_bag_name_roi_extract=0.1914s | bottle_ocr_bottle_angle_cls=0.0517s | bottle_ocr_bottle_angle_pred=5.0000s | bottle_ocr_mixed_rknn_det=1.2206s | bottle_ocr_mixed_rknn_det_infer=1.0884s | bottle_ocr_mixed_rknn_rec=1.4089s | bottle_ocr_mixed_text_regions=49.0000s | bottle_ocr_shuye_angle_cls=0.0662s | bottle_ocr_shuye_preprocess=0.0367s | bottle_total=0.2945s | crop=0.0046s | prepare_and_recognition=3.2824s | recognition_tasks=3.5659s | runtime_excluding_model_init=3.5659s | select_sharpest=0.2788s | shuye_count=6.0000s | shuye_ocr_angle_cls=0.3970s | shuye_ocr_bag_angle_cls=0.0085s | shuye_ocr_bag_angle_pred=0.0000s | shuye_ocr_bag_name_roi_extract=0.1914s | shuye_ocr_bottle_angle_cls=0.0517s | shuye_ocr_bottle_angle_pred=5.0000s | shuye_ocr_mixed_rknn_det=1.2206s | shuye_ocr_mixed_rknn_det_infer=1.0884s | shuye_ocr_mixed_rknn_rec=1.4089s | shuye_ocr_mixed_text_regions=49.0000s | shuye_ocr_shuye_angle_cls=0.0662s | shuye_ocr_shuye_preprocess=0.0367s | shuye_total=0.0000s | target_count=12.0000s
  bag#1: status=done, result=['赵二虎'], timing: match=0.0006s | ocr_angle_cls=0.0662s | ocr_bag_angle_cls=0.0085s | ocr_bag_angle_pred=0.0000s | ocr_bag_name_roi_extract=0.1914s | ocr_bottle_angle_cls=0.0517s | ocr_bottle_angle_pred=5.0000s | ocr_mixed_rknn_det=1.2206s | ocr_mixed_rknn_det_infer=1.0884s | ocr_mixed_rknn_rec=1.4089s | ocr_mixed_text_regions=49.0000s | ocr_shuye_angle_cls=0.0662s | ocr_shuye_preprocess=0.0367s | total=0.0006s
  bottle#1: status=ocr_empty, result=, timing: ocr_angle_cls=0.0662s | ocr_bag_angle_cls=0.0085s | ocr_bag_angle_pred=0.0000s | ocr_bag_name_roi_extract=0.1914s | ocr_bottle_angle_cls=0.0517s | ocr_bottle_angle_pred=5.0000s | ocr_mixed_rknn_det=1.2206s | ocr_mixed_rknn_det_infer=1.0884s | ocr_mixed_rknn_rec=1.4089s | ocr_mixed_text_regions=49.0000s | ocr_shuye_angle_cls=0.0662s | ocr_shuye_preprocess=0.0367s | total=0.0000s
  bottle#2: status=done, result=注射用头孢他啶, timing: classify=0.1182s | match=0.0079s | ocr_angle_cls=0.0662s | ocr_bag_angle_cls=0.0085s | ocr_bag_angle_pred=0.0000s | ocr_bag_name_roi_extract=0.1914s | ocr_bottle_angle_cls=0.0517s | ocr_bottle_angle_pred=5.0000s | ocr_mixed_rknn_det=1.2206s | ocr_mixed_rknn_det_infer=1.0884s | ocr_mixed_rknn_rec=1.4089s | ocr_mixed_text_regions=49.0000s | ocr_shuye_angle_cls=0.0662s | ocr_shuye_preprocess=0.0367s | total=0.1291s
    decision: weak_sift_override_rejected: predicted=注射用头孢曲松钠, good=1, score=0.0029, ocr_top1=注射用头孢他啶
  bottle#3: status=done, result=人免疫球蛋白, timing: classify=0.1465s | match=0.0142s | ocr_angle_cls=0.0662s | ocr_bag_angle_cls=0.0085s | ocr_bag_angle_pred=0.0000s | ocr_bag_name_roi_extract=0.1914s | ocr_bottle_angle_cls=0.0517s | ocr_bottle_angle_pred=5.0000s | ocr_mixed_rknn_det=1.2206s | ocr_mixed_rknn_det_infer=1.0884s | ocr_mixed_rknn_rec=1.4089s | ocr_mixed_text_regions=49.0000s | ocr_shuye_angle_cls=0.0662s | ocr_shuye_preprocess=0.0367s | total=0.1608s
    decision: weak_sift_override_rejected: predicted=银杏叶提取物注射液, good=1, score=0.0035, ocr_top1=人免疫球蛋白
  bottle#4: status=no_candidates, result=, timing: match=0.0045s | ocr_angle_cls=0.0662s | ocr_bag_angle_cls=0.0085s | ocr_bag_angle_pred=0.0000s | ocr_bag_name_roi_extract=0.1914s | ocr_bottle_angle_cls=0.0517s | ocr_bottle_angle_pred=5.0000s | ocr_mixed_rknn_det=1.2206s | ocr_mixed_rknn_det_infer=1.0884s | ocr_mixed_rknn_rec=1.4089s | ocr_mixed_text_regions=49.0000s | ocr_shuye_angle_cls=0.0662s | ocr_shuye_preprocess=0.0367s | total=0.0045s
  bottle#5: status=ocr_empty, result=, timing: ocr_angle_cls=0.0662s | ocr_bag_angle_cls=0.0085s | ocr_bag_angle_pred=0.0000s | ocr_bag_name_roi_extract=0.1914s | ocr_bottle_angle_cls=0.0517s | ocr_bottle_angle_pred=5.0000s | ocr_mixed_rknn_det=1.2206s | ocr_mixed_rknn_det_infer=1.0884s | ocr_mixed_rknn_rec=1.4089s | ocr_mixed_text_regions=49.0000s | ocr_shuye_angle_cls=0.0662s | ocr_shuye_preprocess=0.0367s | total=0.0000s
  shuye#1: status=ocr_empty, result=, timing: ocr_angle_cls=0.0662s | ocr_bag_angle_cls=0.0085s | ocr_bag_angle_pred=0.0000s | ocr_bag_name_roi_extract=0.1914s | ocr_bottle_angle_cls=0.0517s | ocr_bottle_angle_pred=5.0000s | ocr_mixed_rknn_det=1.2206s | ocr_mixed_rknn_det_infer=1.0884s | ocr_mixed_rknn_rec=1.4089s | ocr_mixed_text_regions=49.0000s | ocr_shuye_angle_cls=0.0662s | ocr_shuye_preprocess=0.0367s | total=0.0000s
  shuye#2: status=partial, result=葡萄糖注射液, timing: ocr_angle_cls=0.0662s | ocr_bag_angle_cls=0.0085s | ocr_bag_angle_pred=0.0000s | ocr_bag_name_roi_extract=0.1914s | ocr_bottle_angle_cls=0.0517s | ocr_bottle_angle_pred=5.0000s | ocr_mixed_rknn_det=1.2206s | ocr_mixed_rknn_det_infer=1.0884s | ocr_mixed_rknn_rec=1.4089s | ocr_mixed_text_regions=49.0000s | ocr_shuye_angle_cls=0.0662s | ocr_shuye_preprocess=0.0367s | total=0.0000s
  shuye#3: status=partial, result=, timing: ocr_angle_cls=0.0662s | ocr_bag_angle_cls=0.0085s | ocr_bag_angle_pred=0.0000s | ocr_bag_name_roi_extract=0.1914s | ocr_bottle_angle_cls=0.0517s | ocr_bottle_angle_pred=5.0000s | ocr_mixed_rknn_det=1.2206s | ocr_mixed_rknn_det_infer=1.0884s | ocr_mixed_rknn_rec=1.4089s | ocr_mixed_text_regions=49.0000s | ocr_shuye_angle_cls=0.0662s | ocr_shuye_preprocess=0.0367s | total=0.0000s
  shuye#4: status=done, result=葡萄糖注射液, timing: ocr_angle_cls=0.0662s | ocr_bag_angle_cls=0.0085s | ocr_bag_angle_pred=0.0000s | ocr_bag_name_roi_extract=0.1914s | ocr_bottle_angle_cls=0.0517s | ocr_bottle_angle_pred=5.0000s | ocr_mixed_rknn_det=1.2206s | ocr_mixed_rknn_det_infer=1.0884s | ocr_mixed_rknn_rec=1.4089s | ocr_mixed_text_regions=49.0000s | ocr_shuye_angle_cls=0.0662s | ocr_shuye_preprocess=0.0367s | total=0.0000s
  shuye#5: status=partial, result=, timing: ocr_angle_cls=0.0662s | ocr_bag_angle_cls=0.0085s | ocr_bag_angle_pred=0.0000s | ocr_bag_name_roi_extract=0.1914s | ocr_bottle_angle_cls=0.0517s | ocr_bottle_angle_pred=5.0000s | ocr_mixed_rknn_det=1.2206s | ocr_mixed_rknn_det_infer=1.0884s | ocr_mixed_rknn_rec=1.4089s | ocr_mixed_text_regions=49.0000s | ocr_shuye_angle_cls=0.0662s | ocr_shuye_preprocess=0.0367s | total=0.0000s
  shuye#6: status=partial, result=, timing: ocr_angle_cls=0.0662s | ocr_bag_angle_cls=0.0085s | ocr_bag_angle_pred=0.0000s | ocr_bag_name_roi_extract=0.1914s | ocr_bottle_angle_cls=0.0517s | ocr_bottle_angle_pred=5.0000s | ocr_mixed_rknn_det=1.2206s | ocr_mixed_rknn_det_infer=1.0884s | ocr_mixed_rknn_rec=1.4089s | ocr_mixed_text_regions=49.0000s | ocr_shuye_angle_cls=0.0662s | ocr_shuye_preprocess=0.0367s | total=0.0000s

[单线程顺序处理完成] 耗时: 3.57s, 完成任务: 12/12

============================================================
【处理结果汇总】
  药瓶: 5 个
  药袋: 1 个
  输液袋: 6 个
============================================================
  药瓶 2: 注射用头孢他啶 (方式: ocr_candidate_sift_rejected, 置信度: 0.0282)
  药瓶 3: 人免疫球蛋白 (方式: ocr_candidate_sift_rejected, 置信度: 0.0282)

🏥 识别药品（去重后）: ['人免疫球蛋白', '注射用头孢他啶']
  药袋 1: 患者 ['赵二虎']

👤 患者姓名: ['赵二虎']
  输液袋 1: 液体=None, 浓度=None, 容量=None, 状态=ocr_empty
  输液袋 2: 液体=葡萄糖注射液, 浓度=5%, 容量=None, 状态=partial
  输液袋 3: 液体=None, 浓度=None, 容量=None, 状态=partial
  输液袋 4: 液体=葡萄糖注射液, 浓度=5%, 容量=50ml, 状态=done
  输液袋 5: 液体=None, 浓度=None, 容量=None, 状态=partial
  输液袋 6: 液体=None, 浓度=None, 容量=None, 状态=partial

💧 输液袋信息: [{'liquid': None, 'concentration': None, 'volume': None, 'raw_text': '', 'missing': ['liquid', 'concentration', 'volume'], 'status': 'ocr_empty'}, {'liquid': '葡萄糖注射液', 'concentration': '5%', 'volume': None, 'raw_text': '携都雅住射或满注 葡萄糖注射液 Gilucoselhjectin 5%）', 'missing': ['volume'], 'status': 'partial'}, {'liquid': None, 'concentration': None, 'volume': None, 'raw_text': '01313', 'missing': ['liquid', 'concentration', 'volume'], 'status': 'partial'}, {'liquid': '葡萄糖注射液', 'concentration': '5%', 'volume': '50ml', 'raw_text': '葡萄糖注射液 Glucoseljetilon 5% 50ml', 'missing': [], 'status': 'done'}, {'liquid': None, 'concentration': None, 'volume': None, 'raw_text': '讲额雕注 葡萄糖、 Glucose', 'missing': ['liquid', 'concentration', 'volume'], 'status': 'partial'}, {'liquid': None, 'concentration': None, 'volume': None, 'raw_text': '葡', 'missing': ['liquid', 'concentration', 'volume'], 'status': 'partial'}]
💧 输液袋结构化信息: [{'index': 0, 'liquid': None, 'concentration': None, 'volume': None, 'raw_text': '', 'status': 'ocr_empty'}, {'index': 1, 'liquid': '葡萄糖注射液', 'concentration': '5%', 'volume': None, 'raw_text': '携都雅住射或满注 葡萄糖注射液 Gilucoselhjectin 5%）', 'status': 'partial'}, {'index': 2, 'liquid': None, 'concentration': None, 'volume': None, 'raw_text': '01313', 'status': 'partial'}, {'index': 3, 'liquid': '葡萄糖注射液', 'concentration': '5%', 'volume': '50ml', 'raw_text': '葡萄糖注射液 Glucoseljetilon 5% 50ml', 'status': 'done'}, {'index': 4, 'liquid': None, 'concentration': None, 'volume': None, 'raw_text': '讲额雕注 葡萄糖、 Glucose', 'status': 'partial'}, {'index': 5, 'liquid': None, 'concentration': None, 'volume': None, 'raw_text': '葡', 'status': 'partial'}]
利用“魏理想”作为测试病人

============================================================
【数据库匹配结果】
  患者: ['赵二虎']
  识别药品: ['人免疫球蛋白', '注射用头孢他啶']
  输液袋信息: [{'liquid': None, 'concentration': None, 'volume': None, 'raw_text': '', 'missing': ['liquid', 'concentration', 'volume'], 'status': 'ocr_empty'}, {'liquid': '葡萄糖注射液', 'concentration': '5%', 'volume': None, 'raw_text': '携都雅住射或满注 葡萄糖注射液 Gilucoselhjectin 5%）', 'missing': ['volume'], 'status': 'partial'}, {'liquid': None, 'concentration': None, 'volume': None, 'raw_text': '01313', 'missing': ['liquid', 'concentration', 'volume'], 'status': 'partial'}, {'liquid': '葡萄糖注射液', 'concentration': '5%', 'volume': '50ml', 'raw_text': '葡萄糖注射液 Glucoseljetilon 5% 50ml', 'missing': [], 'status': 'done'}, {'liquid': None, 'concentration': None, 'volume': None, 'raw_text': '讲额雕注 葡萄糖、 Glucose', 'missing': ['liquid', 'concentration', 'volume'], 'status': 'partial'}, {'liquid': None, 'concentration': None, 'volume': None, 'raw_text': '葡', 'missing': ['liquid', 'concentration', 'volume'], 'status': 'partial'}]
  数据库药品: ['注射用艾司奥拉美拉唑钠', '破伤风人免疫球蛋白']
  ❌ 缺少: ['人免疫球蛋白', '注射用头孢他啶']
     多余: ['注射用艾司奥拉美拉唑钠', '破伤风人免疫球蛋白']
============================================================

⏱ 总耗时: 3.57s (多线程处理: 3.57s)
🔓 后台处理完成
detections: [[879.0560913085938, 942.6679077148438, 1281.8299560546875, 1156.38818359375, 0.7685546875, 0.0], [1786.8194580078125, 553.6187744140625, 1950.3648681640625, 914.546875, 0.74462890625, 0.0], [1936.446044921875, 666.836669921875, 2058.235107421875, 923.594482421875, 0.77001953125, 0.0], [1007.3695678710938, 356.0375061035156, 1805.957763671875, 1057.3531494140625, 0.453857421875, 2.0], [1788.5067138671875, 555.5750122070312, 1950.3121337890625, 915.5249633789062, 0.71923828125, 0.0], [1938.2420654296875, 666.836669921875, 2061.11865234375, 923.594482421875, 0.78125, 0.0], [2386.14306640625, 806.953125, 2753.68505859375, 1050.5062255859375, 0.7685546875, 1.0], [2140.607666015625, 603.5030517578125, 2981.822021484375, 1251.0218505859375, 0.7021484375, 2.0], [1613.4349365234375, 491.0187072753906, 1794.8135986328125, 1046.59375, 0.541015625, 2.0], [884.7105102539062, 945.5966186523438, 1283.134765625, 1155.03759765625, 0.720703125, 0.0], [1856.413330078125, 1467.487548828125, 2075.633544921875, 1726.690673828125, 0.5830078125, 0.0], [999.105224609375, 930.0078125, 1913.39306640625, 1822.057861328125, 0.57421875, 2.0], [2575.133544921875, 1757.990478515625, 3018.793701171875, 1928.184326171875, 0.80419921875, 0.0], [2381.575927734375, 907.8777465820312, 2758.252197265625, 1051.784423828125, 0.79931640625, 1.0], [1958.576416015625, 912.4015502929688, 2641.900146484375, 1867.54052734375, 0.75146484375, 2.0], [2165.835205078125, 909.2225952148438, 2984.431884765625, 1248.87646484375, 0.6552734375, 2.0], [1611.695068359375, 962.7750244140625, 1907.903564453125, 1852.3797607421875, 0.61083984375, 2.0]]
detections: [[874.7064819335938, 943.4014892578125, 1286.1795654296875, 1153.6983642578125, 0.66796875, 0.0], [1788.559326171875, 549.9507446289062, 1952.104736328125, 915.2804565429688, 0.74365234375, 0.0], [1937.31591796875, 662.1905517578125, 2057.365234375, 918.4593505859375, 0.77685546875, 0.0], [1023.028076171875, 516.449951171875, 1811.17724609375, 1067.1343994140625, 0.619140625, 2.0], [2920.057373046875, 700.58203125, 3270.635986328125, 1249.7991943359375, 0.450927734375, 0.0], [1790.790283203125, 550.9288940429688, 1951.073486328125, 916.2586059570312, 0.6962890625, 0.0], [1940.1993408203125, 663.168701171875, 2060.90087890625, 918.4593505859375, 0.7802734375, 0.0], [2384.838134765625, 803.774169921875, 2754.989990234375, 1040.969482421875, 0.62353515625, 1.0], [2129.733642578125, 605.4593505859375, 2994.435791015625, 1252.0, 0.75, 2.0], [1613.1087646484375, 484.1718444824219, 1799.2720947265625, 1086.69677734375, 0.5302734375, 2.0], [930.81640625, 928.0516357421875, 1913.828125, 1818.6343994140625, 0.48583984375, 2.0], [2576.87353515625, 1756.034423828125, 3015.31396484375, 1927.206298828125, 0.7900390625, 0.0], [1940.0906982421875, 902.1312255859375, 2641.247802734375, 1867.5406494140625, 0.54248046875, 2.0], [1611.4775390625, 956.417236328125, 1903.33642578125, 1837.707763671875, 0.49169921875, 2.0]]
detections: [[877.0987548828125, 944.8687744140625, 1283.7872314453125, 1158.0999755859375, 0.7802734375, 0.0], [1785.9495849609375, 554.3523559570312, 1951.2347412109375, 926.5288696289062, 0.7431640625, 0.0], [1935.576171875, 668.5484619140625, 2059.10498046875, 924.817138671875, 0.77490234375, 0.0], [1790.355224609375, 556.7976684570312, 1950.638427734375, 916.2586059570312, 0.69921875, 0.0], [1938.7857666015625, 669.7711181640625, 2059.27001953125, 924.5726318359375, 0.78662109375, 0.0], [2385.925537109375, 805.9749755859375, 2753.902587890625, 1051.484375, 0.7666015625, 1.0], [2157.353515625, 592.98828125, 2992.91357421875, 1247.8428955078125, 0.7392578125, 2.0], [1613.8699951171875, 918.9484252929688, 2195.412841796875, 1252.489013671875, 0.492431640625, 2.0], [1613.0, 515.471923828125, 1794.59619140625, 1088.653076171875, 0.5498046875, 2.0], [880.36083984375, 946.1469116210938, 1284.004638671875, 1156.6883544921875, 0.74072265625, 0.0], [1864.2425537109375, 1468.2210693359375, 2074.763671875, 1724.9788818359375, 0.63720703125, 0.0], [795.1085815429688, 928.5406494140625, 1910.348388671875, 1823.5250244140625, 0.57275390625, 2.0], [2573.3935546875, 1759.7022705078125, 3017.0537109375, 1930.3851318359375, 0.80517578125, 0.0], [1856.578125, 1466.5093994140625, 2072.753662109375, 1733.5374755859375, 0.4560546875, 0.0], [2382.010986328125, 907.7554931640625, 2757.817138671875, 1052.6402587890625, 0.74072265625, 1.0], [1965.318359375, 907.0219116210938, 2645.59716796875, 1864.606201171875, 0.7451171875, 2.0], [2165.835205078125, 909.4672241210938, 2984.431884765625, 1255.7235107421875, 0.64453125, 2.0], [1611.695068359375, 958.3734130859375, 1903.553955078125, 1843.0875244140625, 0.638671875, 2.0]]
detections: [[874.923828125, 940.9562377929688, 1289.441650390625, 1152.231201171875, 0.57470703125, 0.0], [1791.169189453125, 550.6843872070312, 1952.974609375, 915.5249633789062, 0.74072265625, 0.0], [1937.31591796875, 663.168701171875, 2057.365234375, 919.4375, 0.77880859375, 0.0], [1014.7637939453125, 511.5593566894531, 1810.7423095703125, 1056.375, 0.498046875, 2.0], [2916.578125, 700.3375244140625, 3263.6767578125, 1250.043701171875, 0.52392578125, 0.0], [1790.8990478515625, 551.906982421875, 1951.3995361328125, 917.2366943359375, 0.7001953125, 0.0], [1941.7218017578125, 663.168701171875, 2061.11865234375, 919.4375, 0.77490234375, 0.0], [2382.44580078125, 804.996826171875, 2757.38232421875, 1044.637451171875, 0.56787109375, 1.0], [2132.7783203125, 598.3679809570312, 2996.61083984375, 1250.288330078125, 0.75, 2.0], [1613.2174072265625, 488.0843200683594, 1799.3807373046875, 1082.7843017578125, 0.529296875, 2.0], [872.5316162109375, 940.0335693359375, 1281.3948974609375, 1151.5531005859375, 0.453125, 0.0], [882.100830078125, 926.0953369140625, 1913.828125, 1817.1671142578125, 0.5234375, 2.0], [2578.17822265625, 1757.7459716796875, 3014.00927734375, 1928.4288330078125, 0.79052734375, 0.0], [1935.5234375, 901.6422119140625, 2642.3349609375, 1869.4969482421875, 0.5927734375, 2.0], [1611.4776611328125, 953.4827880859375, 1900.2916259765625, 1846.5108642578125, 0.5126953125, 2.0]]

⏰ 定时触发 → 后台线程已启动
最清晰帧: 批次 2/2 中的第 1 张
检测结果: 药袋 1 个, 药瓶 5 个, 输液袋 5 个

============================================================
[单线程顺序处理] 共 11 个任务: 药瓶 5, 药袋 1, 输液袋 5
============================================================
🔍 药品匹配模式，查询：盗摄松注射用实CeftriaxonesaNsOrS计1.0g
[警告] 以下药品未在缓存中找到: ['注射用头孢唑啉钠']
药瓶旋转
[特征提取耗时] 0.0358 秒
[分类耗时] 0.1506 秒
🔍 药品匹配模式，查询：0900
⚠️ 未找到匹配结果,返回所有药品名称
[警告] 以下药品未在缓存中找到: ['注射用头孢唑啉钠']
药瓶旋转
[特征提取耗时] 0.0685 秒
[分类耗时] 0.2341 秒
🔍 药品匹配模式，查询：南销舒巴箱251006227/09
药瓶旋转
[特征提取耗时] 0.0970 秒
[分类耗时] 0.1304 秒
🔍 药品匹配模式，查询：吗
⚠️ 未找到匹配结果,返回所有药品名称
[警告] 以下药品未在缓存中找到: ['注射用头孢唑啉钠']
药瓶旋转
[特征提取耗时] 0.0219 秒
[分类耗时] 0.4041 秒
🔍 患者匹配模式，查询：赵二虎

[Timing Summary last 2] background_total:avg=3.80s,max=4.04s,p95=4.04s | bag_count:avg=1.00s,max=1.00s,p95=1.00s | bag_match:avg=0.00s,max=0.00s,p95=0.00s | bag_ocr_angle_cls:avg=0.05s,max=0.07s,p95=0.07s | bag_ocr_bag_angle_cls:avg=0.01s,max=0.01s,p95=0.01s | bag_ocr_bag_angle_pred:avg=0.00s,max=0.00s,p95=0.00s | bag_ocr_bag_name_roi_extract:avg=0.12s,max=0.19s,p95=0.19s | bag_ocr_bottle_angle_cls:avg=0.05s,max=0.06s,p95=0.06s | bag_ocr_bottle_angle_pred:avg=6.50s,max=8.00s,p95=8.00s | bag_ocr_mixed_rknn_det:avg=1.20s,max=1.22s,p95=1.22s | bag_ocr_mixed_rknn_det_infer:avg=1.02s,max=1.09s,p95=1.09s | bag_ocr_mixed_rknn_rec:avg=1.44s,max=1.46s,p95=1.46s | bag_ocr_mixed_text_regions:avg=52.00s,max=55.00s,p95=55.00s | bag_ocr_shuye_angle_cls:avg=0.05s,max=0.07s,p95=0.07s | bag_ocr_shuye_preprocess:avg=0.04s,max=0.04s,p95=0.04s | bag_total:avg=0.00s,max=0.00s,p95=0.00s | bottle_classify:avg=0.59s,max=0.92s,p95=0.92s | bottle_count:avg=5.00s,max=5.00s,p95=5.00s | bottle_match:avg=0.02s,max=0.03s,p95=0.03s | bottle_ocr_angle_cls:avg=0.27s,max=0.33s,p95=0.33s | bottle_ocr_bag_angle_cls:avg=0.01s,max=0.01s,p95=0.01s | bottle_ocr_bag_angle_pred:avg=0.00s,max=0.00s,p95=0.00s | bottle_ocr_bag_name_roi_extract:avg=0.12s,max=0.19s,p95=0.19s | bottle_ocr_bottle_angle_cls:avg=0.05s,max=0.06s,p95=0.06s | bottle_ocr_bottle_angle_pred:avg=6.50s,max=8.00s,p95=8.00s | bottle_ocr_mixed_rknn_det:avg=1.20s,max=1.22s,p95=1.22s | bottle_ocr_mixed_rknn_det_infer:avg=1.02s,max=1.09s,p95=1.09s | bottle_ocr_mixed_rknn_rec:avg=1.44s,max=1.46s,p95=1.46s | bottle_ocr_mixed_text_regions:avg=52.00s,max=55.00s,p95=55.00s | bottle_ocr_shuye_angle_cls:avg=0.05s,max=0.07s,p95=0.07s | bottle_ocr_shuye_preprocess:avg=0.04s,max=0.04s,p95=0.04s | bottle_total:avg=0.62s,max=0.94s,p95=0.94s | crop:avg=0.00s,max=0.00s,p95=0.00s | prepare_and_recognition:avg=3.52s,max=3.76s,p95=3.76s | recognition_tasks:avg=3.80s,max=4.04s,p95=4.04s | runtime_excluding_model_init:avg=3.80s,max=4.04s,p95=4.04s | select_sharpest:avg=0.28s,max=0.28s,p95=0.28s | shuye_count:avg=5.50s,max=6.00s,p95=6.00s | shuye_ocr_angle_cls:avg=0.30s,max=0.40s,p95=0.40s | shuye_ocr_bag_angle_cls:avg=0.01s,max=0.01s,p95=0.01s | shuye_ocr_bag_angle_pred:avg=0.00s,max=0.00s,p95=0.00s | shuye_ocr_bag_name_roi_extract:avg=0.12s,max=0.19s,p95=0.19s | shuye_ocr_bottle_angle_cls:avg=0.05s,max=0.06s,p95=0.06s | shuye_ocr_bottle_angle_pred:avg=6.50s,max=8.00s,p95=8.00s | shuye_ocr_mixed_rknn_det:avg=1.20s,max=1.22s,p95=1.22s | shuye_ocr_mixed_rknn_det_infer:avg=1.02s,max=1.09s,p95=1.09s | shuye_ocr_mixed_rknn_rec:avg=1.44s,max=1.46s,p95=1.46s | shuye_ocr_mixed_text_regions:avg=52.00s,max=55.00s,p95=55.00s | shuye_ocr_shuye_angle_cls:avg=0.05s,max=0.07s,p95=0.07s | shuye_ocr_shuye_preprocess:avg=0.04s,max=0.04s,p95=0.04s | shuye_total:avg=0.00s,max=0.00s,p95=0.00s | target_count:avg=11.50s,max=12.00s,p95=12.00s

[Step Timing Detail]
  batch: background_total=4.0360s | bag_count=1.0000s | bag_match=0.0006s | bag_ocr_angle_cls=0.0419s | bag_ocr_bag_angle_cls=0.0080s | bag_ocr_bag_angle_pred=0.0000s | bag_ocr_bag_name_roi_extract=0.0392s | bag_ocr_bottle_angle_cls=0.0558s | bag_ocr_bottle_angle_pred=8.0000s | bag_ocr_mixed_rknn_det=1.1721s | bag_ocr_mixed_rknn_det_infer=0.9561s | bag_ocr_mixed_rknn_rec=1.4631s | bag_ocr_mixed_text_regions=55.0000s | bag_ocr_shuye_angle_cls=0.0420s | bag_ocr_shuye_preprocess=0.0384s | bag_total=0.0006s | bottle_classify=0.9196s | bottle_count=5.0000s | bottle_match=0.0166s | bottle_ocr_angle_cls=0.2095s | bottle_ocr_bag_angle_cls=0.0080s | bottle_ocr_bag_angle_pred=0.0000s | bottle_ocr_bag_name_roi_extract=0.0392s | bottle_ocr_bottle_angle_cls=0.0558s | bottle_ocr_bottle_angle_pred=8.0000s | bottle_ocr_mixed_rknn_det=1.1721s | bottle_ocr_mixed_rknn_det_infer=0.9561s | bottle_ocr_mixed_rknn_rec=1.4631s | bottle_ocr_mixed_text_regions=55.0000s | bottle_ocr_shuye_angle_cls=0.0420s | bottle_ocr_shuye_preprocess=0.0384s | bottle_total=0.9365s | crop=0.0035s | prepare_and_recognition=3.7568s | recognition_tasks=4.0360s | runtime_excluding_model_init=4.0360s | select_sharpest=0.2756s | shuye_count=5.0000s | shuye_ocr_angle_cls=0.2095s | shuye_ocr_bag_angle_cls=0.0080s | shuye_ocr_bag_angle_pred=0.0000s | shuye_ocr_bag_name_roi_extract=0.0392s | shuye_ocr_bottle_angle_cls=0.0558s | shuye_ocr_bottle_angle_pred=8.0000s | shuye_ocr_mixed_rknn_det=1.1721s | shuye_ocr_mixed_rknn_det_infer=0.9561s | shuye_ocr_mixed_rknn_rec=1.4631s | shuye_ocr_mixed_text_regions=55.0000s | shuye_ocr_shuye_angle_cls=0.0420s | shuye_ocr_shuye_preprocess=0.0384s | shuye_total=0.0000s | target_count=11.0000s
  bag#1: status=done, result=['赵二虎'], timing: match=0.0006s | ocr_angle_cls=0.0419s | ocr_bag_angle_cls=0.0080s | ocr_bag_angle_pred=0.0000s | ocr_bag_name_roi_extract=0.0392s | ocr_bottle_angle_cls=0.0558s | ocr_bottle_angle_pred=8.0000s | ocr_mixed_rknn_det=1.1721s | ocr_mixed_rknn_det_infer=0.9561s | ocr_mixed_rknn_rec=1.4631s | ocr_mixed_text_regions=55.0000s | ocr_shuye_angle_cls=0.0420s | ocr_shuye_preprocess=0.0384s | total=0.0006s
  bottle#1: status=ocr_empty, result=, timing: ocr_angle_cls=0.0419s | ocr_bag_angle_cls=0.0080s | ocr_bag_angle_pred=0.0000s | ocr_bag_name_roi_extract=0.0392s | ocr_bottle_angle_cls=0.0558s | ocr_bottle_angle_pred=8.0000s | ocr_mixed_rknn_det=1.1721s | ocr_mixed_rknn_det_infer=0.9561s | ocr_mixed_rknn_rec=1.4631s | ocr_mixed_text_regions=55.0000s | ocr_shuye_angle_cls=0.0420s | ocr_shuye_preprocess=0.0384s | total=0.0000s
  bottle#2: status=done, result=注射用头孢曲松钠, timing: classify=0.1507s | match=0.0056s | ocr_angle_cls=0.0419s | ocr_bag_angle_cls=0.0080s | ocr_bag_angle_pred=0.0000s | ocr_bag_name_roi_extract=0.0392s | ocr_bottle_angle_cls=0.0558s | ocr_bottle_angle_pred=8.0000s | ocr_mixed_rknn_det=1.1721s | ocr_mixed_rknn_det_infer=0.9561s | ocr_mixed_rknn_rec=1.4631s | ocr_mixed_text_regions=55.0000s | ocr_shuye_angle_cls=0.0420s | ocr_shuye_preprocess=0.0384s | total=0.1563s
    decision: weak_sift_override_rejected: predicted=注射用硫普罗宁, good=1, score=0.0027, ocr_top1=注射用头孢曲松钠
  bottle#3: status=done, result=人免疫球蛋白, timing: classify=0.2342s | match=0.0037s | ocr_angle_cls=0.0419s | ocr_bag_angle_cls=0.0080s | ocr_bag_angle_pred=0.0000s | ocr_bag_name_roi_extract=0.0392s | ocr_bottle_angle_cls=0.0558s | ocr_bottle_angle_pred=8.0000s | ocr_mixed_rknn_det=1.1721s | ocr_mixed_rknn_det_infer=0.9561s | ocr_mixed_rknn_rec=1.4631s | ocr_mixed_text_regions=55.0000s | ocr_shuye_angle_cls=0.0420s | ocr_shuye_preprocess=0.0384s | total=0.2379s
    decision: weak_sift_override_rejected: predicted=注射用哌拉西林钠他唑巴坦钠, good=2, score=0.0053, ocr_top1=人免疫球蛋白
  bottle#4: status=done, result=注射用头孢哌酮钠舒巴坦钠（2：1）, timing: classify=0.1305s | match=0.0039s | ocr_angle_cls=0.0419s | ocr_bag_angle_cls=0.0080s | ocr_bag_angle_pred=0.0000s | ocr_bag_name_roi_extract=0.0392s | ocr_bottle_angle_cls=0.0558s | ocr_bottle_angle_pred=8.0000s | ocr_mixed_rknn_det=1.1721s | ocr_mixed_rknn_det_infer=0.9561s | ocr_mixed_rknn_rec=1.4631s | ocr_mixed_text_regions=55.0000s | ocr_shuye_angle_cls=0.0420s | ocr_shuye_preprocess=0.0384s | total=0.1345s
    decision: weak_sift_override_rejected: predicted=注射用头孢哌酮钠舒巴坦钠, good=2, score=0.0055, ocr_top1=注射用头孢哌酮钠舒巴坦钠（2：1）
  bottle#5: status=done, result=人免疫球蛋白, timing: classify=0.4042s | match=0.0034s | ocr_angle_cls=0.0419s | ocr_bag_angle_cls=0.0080s | ocr_bag_angle_pred=0.0000s | ocr_bag_name_roi_extract=0.0392s | ocr_bottle_angle_cls=0.0558s | ocr_bottle_angle_pred=8.0000s | ocr_mixed_rknn_det=1.1721s | ocr_mixed_rknn_det_infer=0.9561s | ocr_mixed_rknn_rec=1.4631s | ocr_mixed_text_regions=55.0000s | ocr_shuye_angle_cls=0.0420s | ocr_shuye_preprocess=0.0384s | total=0.4077s
    decision: weak_sift_override_rejected: predicted=注射用艾司奥拉美拉唑钠, good=5, score=0.0230, ocr_top1=人免疫球蛋白
  shuye#1: status=partial, result=, timing: ocr_angle_cls=0.0419s | ocr_bag_angle_cls=0.0080s | ocr_bag_angle_pred=0.0000s | ocr_bag_name_roi_extract=0.0392s | ocr_bottle_angle_cls=0.0558s | ocr_bottle_angle_pred=8.0000s | ocr_mixed_rknn_det=1.1721s | ocr_mixed_rknn_det_infer=0.9561s | ocr_mixed_rknn_rec=1.4631s | ocr_mixed_text_regions=55.0000s | ocr_shuye_angle_cls=0.0420s | ocr_shuye_preprocess=0.0384s | total=0.0000s
  shuye#2: status=partial, result=葡萄糖注射液, timing: ocr_angle_cls=0.0419s | ocr_bag_angle_cls=0.0080s | ocr_bag_angle_pred=0.0000s | ocr_bag_name_roi_extract=0.0392s | ocr_bottle_angle_cls=0.0558s | ocr_bottle_angle_pred=8.0000s | ocr_mixed_rknn_det=1.1721s | ocr_mixed_rknn_det_infer=0.9561s | ocr_mixed_rknn_rec=1.4631s | ocr_mixed_text_regions=55.0000s | ocr_shuye_angle_cls=0.0420s | ocr_shuye_preprocess=0.0384s | total=0.0000s
  shuye#3: status=partial, result=, timing: ocr_angle_cls=0.0419s | ocr_bag_angle_cls=0.0080s | ocr_bag_angle_pred=0.0000s | ocr_bag_name_roi_extract=0.0392s | ocr_bottle_angle_cls=0.0558s | ocr_bottle_angle_pred=8.0000s | ocr_mixed_rknn_det=1.1721s | ocr_mixed_rknn_det_infer=0.9561s | ocr_mixed_rknn_rec=1.4631s | ocr_mixed_text_regions=55.0000s | ocr_shuye_angle_cls=0.0420s | ocr_shuye_preprocess=0.0384s | total=0.0000s
  shuye#4: status=done, result=葡萄糖注射液, timing: ocr_angle_cls=0.0419s | ocr_bag_angle_cls=0.0080s | ocr_bag_angle_pred=0.0000s | ocr_bag_name_roi_extract=0.0392s | ocr_bottle_angle_cls=0.0558s | ocr_bottle_angle_pred=8.0000s | ocr_mixed_rknn_det=1.1721s | ocr_mixed_rknn_det_infer=0.9561s | ocr_mixed_rknn_rec=1.4631s | ocr_mixed_text_regions=55.0000s | ocr_shuye_angle_cls=0.0420s | ocr_shuye_preprocess=0.0384s | total=0.0000s
  shuye#5: status=partial, result=, timing: ocr_angle_cls=0.0419s | ocr_bag_angle_cls=0.0080s | ocr_bag_angle_pred=0.0000s | ocr_bag_name_roi_extract=0.0392s | ocr_bottle_angle_cls=0.0558s | ocr_bottle_angle_pred=8.0000s | ocr_mixed_rknn_det=1.1721s | ocr_mixed_rknn_det_infer=0.9561s | ocr_mixed_rknn_rec=1.4631s | ocr_mixed_text_regions=55.0000s | ocr_shuye_angle_cls=0.0420s | ocr_shuye_preprocess=0.0384s | total=0.0000s

[单线程顺序处理完成] 耗时: 4.04s, 完成任务: 11/11

============================================================
【处理结果汇总】
  药瓶: 5 个
  药袋: 1 个
  输液袋: 5 个
============================================================
  药瓶 2: 注射用头孢曲松钠 (方式: ocr_candidate_sift_rejected, 置信度: 0.0526)
  药瓶 3: 人免疫球蛋白 (方式: ocr_candidate_sift_rejected, 置信度: 0.0162)
  药瓶 4: 注射用头孢哌酮钠舒巴坦钠（2：1） (方式: ocr_candidate_sift_rejected, 置信度: 0.0351)
  药瓶 5: 人免疫球蛋白 (方式: ocr_candidate_sift_rejected, 置信度: 0.0231)

🏥 识别药品（去重后）: ['注射用头孢曲松钠', '注射用头孢哌酮钠舒巴坦钠（2：1）', '人免疫球蛋白']
  药袋 1: 患者 ['赵二虎']

👤 患者姓名: ['赵二虎']
  输液袋 1: 液体=None, 浓度=10%, 容量=100ml, 状态=partial
  输液袋 2: 液体=葡萄糖注射液, 浓度=5%, 容量=None, 状态=partial
  输液袋 3: 液体=None, 浓度=None, 容量=None, 状态=partial
  输液袋 4: 液体=葡萄糖注射液, 浓度=5%, 容量=50ml, 状态=done
  输液袋 5: 液体=None, 浓度=None, 容量=None, 状态=partial

💧 输液袋信息: [{'liquid': None, 'concentration': '10%', 'volume': '100ml', 'raw_text': '供静陈注时或消注 注 10 100ml', 'missing': ['liquid'], 'status': 'partial'}, {'liquid': '葡萄糖注射液', 'concentration': '5%', 'volume': None, 'raw_text': '葡萄糖注射液 Glucoseljection 5%', 'missing': ['volume'], 'status': 'partial'}, {'liquid': None, 'concentration': None, 'volume': None, 'raw_text': '51313', 'missing': ['liquid', 'concentration', 'volume'], 'status': 'partial'}, {'liquid': '葡萄糖注射液', 'concentration': '5%', 'volume': '50ml', 'raw_text': '俱静障主时或消注 葡萄糖注射液 Glucoselnjection （5% 50ml', 'missing': [], 'status': 'done'}, {'liquid': None, 'concentration': None, 'volume': None, 'raw_text': '葡', 'missing': ['liquid', 'concentration', 'volume'], 'status': 'partial'}]
💧 输液袋结构化信息: [{'index': 0, 'liquid': None, 'concentration': '10%', 'volume': '100ml', 'raw_text': '供静陈注时或消注 注 10 100ml', 'status': 'partial'}, {'index': 1, 'liquid': '葡萄糖注射液', 'concentration': '5%', 'volume': None, 'raw_text': '葡萄糖注射液 Glucoseljection 5%', 'status': 'partial'}, {'index': 2, 'liquid': None, 'concentration': None, 'volume': None, 'raw_text': '51313', 'status': 'partial'}, {'index': 3, 'liquid': '葡萄糖注射液', 'concentration': '5%', 'volume': '50ml', 'raw_text': '俱静障主时或消注 葡萄糖注射液 Glucoselnjection （5% 50ml', 'status': 'done'}, {'index': 4, 'liquid': None, 'concentration': None, 'volume': None, 'raw_text': '葡', 'status': 'partial'}]
利用“魏理想”作为测试病人

============================================================
【数据库匹配结果】
  患者: ['赵二虎']
  识别药品: ['注射用头孢曲松钠', '注射用头孢哌酮钠舒巴坦钠（2：1）', '人免疫球蛋白']
  输液袋信息: [{'liquid': None, 'concentration': '10%', 'volume': '100ml', 'raw_text': '供静陈注时或消注 注 10 100ml', 'missing': ['liquid'], 'status': 'partial'}, {'liquid': '葡萄糖注射液', 'concentration': '5%', 'volume': None, 'raw_text': '葡萄糖注射液 Glucoseljection 5%', 'missing': ['volume'], 'status': 'partial'}, {'liquid': None, 'concentration': None, 'volume': None, 'raw_text': '51313', 'missing': ['liquid', 'concentration', 'volume'], 'status': 'partial'}, {'liquid': '葡萄糖注射液', 'concentration': '5%', 'volume': '50ml', 'raw_text': '俱静障主时或消注 葡萄糖注射液 Glucoselnjection （5% 50ml', 'missing': [], 'status': 'done'}, {'liquid': None, 'concentration': None, 'volume': None, 'raw_text': '葡', 'missing': ['liquid', 'concentration', 'volume'], 'status': 'partial'}]
  数据库药品: ['注射用艾司奥拉美拉唑钠', '破伤风人免疫球蛋白']
  ❌ 缺少: ['注射用头孢曲松钠', '注射用头孢哌酮钠舒巴坦钠（2：1）', '人免疫球蛋白']
     多余: ['注射用艾司奥拉美拉唑钠', '破伤风人免疫球蛋白']
============================================================

⏱ 总耗时: 4.04s (多线程处理: 4.04s)
🔓 后台处理完成
detections: [[875.1414184570312, 946.0914306640625, 1285.7445068359375, 1158.8336181640625, 0.60986328125, 0.0], [1785.9495849609375, 556.30859375, 1951.2347412109375, 926.5289306640625, 0.7529296875, 0.0], [1937.31591796875, 669.0374755859375, 2057.365234375, 924.328125, 0.77294921875, 0.0], [2907.878662109375, 707.1843872070312, 3261.936767578125, 1249.065673828125, 0.6591796875, 0.0], [1789.9747314453125, 557.7757568359375, 1950.1490478515625, 919.1929931640625, 0.7138671875, 0.0], [1940.1993408203125, 669.0374755859375, 2060.90087890625, 924.328125, 0.77294921875, 0.0], [2385.0556640625, 806.953125, 2754.7724609375, 1046.59375, 0.57763671875, 1.0], [2124.0791015625, 593.721923828125, 2998.3505859375, 1250.043701171875, 0.74462890625, 2.0], [1613.326171875, 499.8218688964844, 1794.92236328125, 1093.543701171875, 0.53857421875, 2.0], [875.7937622070312, 945.3521728515625, 1279.8724365234375, 1156.7493896484375, 0.5703125, 0.0], [880.3609008789062, 929.0296630859375, 1917.307861328125, 1816.1890869140625, 0.587890625, 2.0], [2573.3935546875, 1759.9468994140625, 3017.0537109375, 1933.0750732421875, 0.77734375, 0.0], [1919.212646484375, 902.6203002929688, 2642.987548828125, 1867.54052734375, 0.6494140625, 2.0], [1611.4776611328125, 957.3953857421875, 1896.5946044921875, 1843.5765380859375, 0.497802734375, 2.0]]
detections: [[873.8365478515625, 946.8250122070312, 1287.0494384765625, 1158.0999755859375, 0.59912109375, 0.0], [1785.9495849609375, 555.819580078125, 1951.2347412109375, 927.0179443359375, 0.75, 0.0], [1937.31591796875, 668.79296875, 2057.365234375, 923.594482421875, 0.7724609375, 0.0], [2913.09814453125, 706.2062377929688, 3263.6767578125, 1249.065673828125, 0.55029296875, 0.0], [1790.4639892578125, 557.53125, 1950.5296630859375, 918.4593505859375, 0.7158203125, 0.0], [1940.4168701171875, 669.0374755859375, 2060.68359375, 924.328125, 0.77392578125, 0.0], [2384.4033203125, 807.9312133789062, 2753.68505859375, 1046.59375, 0.5419921875, 1.0], [2141.4775390625, 596.65625, 2998.3505859375, 1249.0655517578125, 0.751953125, 2.0], [1613.8699951171875, 562.421875, 1799.5982666015625, 1229.5030517578125, 0.4814453125, 2.0], [1613.217529296875, 507.6468505859375, 1793.5087890625, 1099.4124755859375, 0.55419921875, 2.0], [1612.7825927734375, 971.522705078125, 1933.3487548828125, 1250.77734375, 0.47265625, 2.0], [873.8364868164062, 943.8238525390625, 1276.6103515625, 1156.0770263671875, 0.47802734375, 0.0], [1861.6328125, 1474.08984375, 2073.893798828125, 1728.891357421875, 0.57958984375, 0.0], [913.41796875, 928.5406494140625, 1917.307861328125, 1816.1890869140625, 0.66455078125, 2.0], [2571.65380859375, 1759.702392578125, 3018.79345703125, 1934.297607421875, 0.77880859375, 0.0], [1861.797607421875, 1473.356201171875, 2078.408203125, 1731.581298828125, 0.49169921875, 0.0], [1947.9200439453125, 901.6422119140625, 2644.7275390625, 1869.9859619140625, 0.66748046875, 2.0], [1610.3902587890625, 949.5703125, 1875.2813720703125, 1870.964111328125, 0.5224609375, 2.0]]
detections: [[875.1414184570312, 946.3359375, 1285.7445068359375, 1158.589111328125, 0.6640625, 0.0], [1786.8194580078125, 553.86328125, 1950.3648681640625, 925.0616455078125, 0.7490234375, 0.0], [1936.446044921875, 667.3257446289062, 2058.235107421875, 923.1054077148438, 0.77587890625, 0.0], [2910.05322265625, 703.2718505859375, 3263.24169921875, 1249.0655517578125, 0.54443359375, 0.0], [1790.0291748046875, 555.8195190429688, 1950.5296630859375, 919.1929321289062, 0.7119140625, 0.0], [1940.1993408203125, 667.5703125, 2060.90087890625, 923.8389892578125, 0.77197265625, 0.0], [2385.0556640625, 805.9749755859375, 2754.7724609375, 1046.59375, 0.6220703125, 1.0], [2133.21337890625, 593.477294921875, 2997.91552734375, 1249.3101806640625, 0.7451171875, 2.0], [1613.6524658203125, 556.5531005859375, 1800.3594970703125, 1233.4156494140625, 0.45263671875, 2.0], [1613.2174072265625, 498.59918212890625, 1794.1612548828125, 1091.83203125, 0.5439453125, 2.0], [874.7064208984375, 944.3739624023438, 1282.6998291015625, 1156.26025390625, 0.53466796875, 0.0], [899.064208984375, 928.0516357421875, 1916.0029296875, 1816.6781005859375, 0.62255859375, 2.0], [1129.15869140625, 906.4105224609375, 1823.356201171875, 1101.1796875, 0.452392578125, 2.0], [2576.873291015625, 1760.19140625, 3017.053955078125, 1933.80859375, 0.7802734375, 0.0], [1861.797607421875, 1473.6007080078125, 2077.538330078125, 1733.2928466796875, 0.453125, 0.0], [1939.220703125, 901.6422119140625, 2642.11767578125, 1868.0296630859375, 0.6181640625, 2.0], [1610.8251953125, 949.081298828125, 1875.71630859375, 1869.496826171875, 0.5078125, 2.0]]

⏰ 定时触发 → 后台线程已启动
最清晰帧: 批次 1/2 中的第 1 张
检测结果: 药袋 1 个, 药瓶 6 个, 输液袋 5 个

============================================================
[单线程顺序处理] 共 12 个任务: 药瓶 6, 药袋 1, 输液袋 5
============================================================
🔍 药品匹配模式，查询：盗体摄松“注射用头NsO7Ss计1.0g
[警告] 以下药品未在缓存中找到: ['注射用头孢唑啉钠']
药瓶旋转
[特征提取耗时] 0.0334 秒
[分类耗时] 0.0723 秒
🔍 药品匹配模式，查询：090
⚠️ 未找到匹配结果,返回所有药品名称
[警告] 以下药品未在缓存中找到: ['注射用头孢唑啉钠']
药瓶旋转
[特征提取耗时] 0.0304 秒
[分类耗时] 0.1561 秒
🔍 药品匹配模式，查询：蕉门钠舒巴地餐20062027/09
药瓶旋转
[特征提取耗时] 0.0294 秒
[分类耗时] 0.0429 秒
🔍 药品匹配模式，查询：上区实字H2006032全用门各氨酸马点
药瓶旋转
[特征提取耗时] 0.0302 秒
[分类耗时] 0.0369 秒

[Timing Summary last 3] background_total:avg=3.63s,max=4.04s,p95=4.04s | bag_count:avg=1.00s,max=1.00s,p95=1.00s | bag_match:avg=0.00s,max=0.00s,p95=0.00s | bag_ocr_angle_cls:avg=0.05s,max=0.07s,p95=0.07s | bag_ocr_bag_angle_cls:avg=0.01s,max=0.01s,p95=0.01s | bag_ocr_bag_angle_pred:avg=0.00s,max=0.00s,p95=0.00s | bag_ocr_bag_name_roi_extract:avg=0.09s,max=0.19s,p95=0.19s | bag_ocr_bottle_angle_cls:avg=0.05s,max=0.06s,p95=0.06s | bag_ocr_bottle_angle_pred:avg=7.00s,max=8.00s,p95=8.00s | bag_ocr_mixed_rknn_det:avg=1.17s,max=1.22s,p95=1.22s | bag_ocr_mixed_rknn_det_infer:avg=1.00s,max=1.09s,p95=1.09s | bag_ocr_mixed_rknn_rec:avg=1.42s,max=1.46s,p95=1.46s | bag_ocr_mixed_text_regions:avg=51.33s,max=55.00s,p95=55.00s | bag_ocr_shuye_angle_cls:avg=0.05s,max=0.07s,p95=0.07s | bag_ocr_shuye_preprocess:avg=0.04s,max=0.04s,p95=0.04s | bag_total:avg=0.00s,max=0.00s,p95=0.00s | bottle_classify:avg=0.50s,max=0.92s,p95=0.92s | bottle_count:avg=5.33s,max=6.00s,p95=6.00s | bottle_match:avg=0.02s,max=0.03s,p95=0.03s | bottle_ocr_angle_cls:avg=0.25s,max=0.33s,p95=0.33s | bottle_ocr_bag_angle_cls:avg=0.01s,max=0.01s,p95=0.01s | bottle_ocr_bag_angle_pred:avg=0.00s,max=0.00s,p95=0.00s | bottle_ocr_bag_name_roi_extract:avg=0.09s,max=0.19s,p95=0.19s | bottle_ocr_bottle_angle_cls:avg=0.05s,max=0.06s,p95=0.06s | bottle_ocr_bottle_angle_pred:avg=7.00s,max=8.00s,p95=8.00s | bottle_ocr_mixed_rknn_det:avg=1.17s,max=1.22s,p95=1.22s | bottle_ocr_mixed_rknn_det_infer:avg=1.00s,max=1.09s,p95=1.09s | bottle_ocr_mixed_rknn_rec:avg=1.42s,max=1.46s,p95=1.46s | bottle_ocr_mixed_text_regions:avg=51.33s,max=55.00s,p95=55.00s | bottle_ocr_shuye_angle_cls:avg=0.05s,max=0.07s,p95=0.07s | bottle_ocr_shuye_preprocess:avg=0.04s,max=0.04s,p95=0.04s | bottle_total:avg=0.52s,max=0.94s,p95=0.94s | crop:avg=0.00s,max=0.00s,p95=0.00s | prepare_and_recognition:avg=3.35s,max=3.76s,p95=3.76s | recognition_tasks:avg=3.63s,max=4.04s,p95=4.04s | runtime_excluding_model_init:avg=3.63s,max=4.04s,p95=4.04s | select_sharpest:avg=0.28s,max=0.28s,p95=0.28s | shuye_count:avg=5.33s,max=6.00s,p95=6.00s | shuye_ocr_angle_cls:avg=0.26s,max=0.40s,p95=0.40s | shuye_ocr_bag_angle_cls:avg=0.01s,max=0.01s,p95=0.01s | shuye_ocr_bag_angle_pred:avg=0.00s,max=0.00s,p95=0.00s | shuye_ocr_bag_name_roi_extract:avg=0.09s,max=0.19s,p95=0.19s | shuye_ocr_bottle_angle_cls:avg=0.05s,max=0.06s,p95=0.06s | shuye_ocr_bottle_angle_pred:avg=7.00s,max=8.00s,p95=8.00s | shuye_ocr_mixed_rknn_det:avg=1.17s,max=1.22s,p95=1.22s | shuye_ocr_mixed_rknn_det_infer:avg=1.00s,max=1.09s,p95=1.09s | shuye_ocr_mixed_rknn_rec:avg=1.42s,max=1.46s,p95=1.46s | shuye_ocr_mixed_text_regions:avg=51.33s,max=55.00s,p95=55.00s | shuye_ocr_shuye_angle_cls:avg=0.05s,max=0.07s,p95=0.07s | shuye_ocr_shuye_preprocess:avg=0.04s,max=0.04s,p95=0.04s | shuye_total:avg=0.00s,max=0.00s,p95=0.00s | target_count:avg=11.67s,max=12.00s,p95=12.00s

[Step Timing Detail]
  batch: background_total=3.2917s | bag_count=1.0000s | bag_match=0.0000s | bag_ocr_angle_cls=0.0365s | bag_ocr_bag_angle_cls=0.0071s | bag_ocr_bag_angle_pred=0.0000s | bag_ocr_bag_name_roi_extract=0.0271s | bag_ocr_bottle_angle_cls=0.0466s | bag_ocr_bottle_angle_pred=8.0000s | bag_ocr_mixed_rknn_det=1.1247s | bag_ocr_mixed_rknn_det_infer=0.9554s | bag_ocr_mixed_rknn_rec=1.4018s | bag_ocr_mixed_text_regions=50.0000s | bag_ocr_shuye_angle_cls=0.0365s | bag_ocr_shuye_preprocess=0.0356s | bag_total=0.0000s | bottle_classify=0.3084s | bottle_count=6.0000s | bottle_match=0.0205s | bottle_ocr_angle_cls=0.2190s | bottle_ocr_bag_angle_cls=0.0071s | bottle_ocr_bag_angle_pred=0.0000s | bottle_ocr_bag_name_roi_extract=0.0271s | bottle_ocr_bottle_angle_cls=0.0466s | bottle_ocr_bottle_angle_pred=8.0000s | bottle_ocr_mixed_rknn_det=1.1247s | bottle_ocr_mixed_rknn_det_infer=0.9554s | bottle_ocr_mixed_rknn_rec=1.4018s | bottle_ocr_mixed_text_regions=50.0000s | bottle_ocr_shuye_angle_cls=0.0365s | bottle_ocr_shuye_preprocess=0.0356s | bottle_total=0.3292s | crop=0.0035s | prepare_and_recognition=3.0095s | recognition_tasks=3.2917s | runtime_excluding_model_init=3.2917s | select_sharpest=0.2787s | shuye_count=5.0000s | shuye_ocr_angle_cls=0.1825s | shuye_ocr_bag_angle_cls=0.0071s | shuye_ocr_bag_angle_pred=0.0000s | shuye_ocr_bag_name_roi_extract=0.0271s | shuye_ocr_bottle_angle_cls=0.0466s | shuye_ocr_bottle_angle_pred=8.0000s | shuye_ocr_mixed_rknn_det=1.1247s | shuye_ocr_mixed_rknn_det_infer=0.9554s | shuye_ocr_mixed_rknn_rec=1.4018s | shuye_ocr_mixed_text_regions=50.0000s | shuye_ocr_shuye_angle_cls=0.0365s | shuye_ocr_shuye_preprocess=0.0356s | shuye_total=0.0000s | target_count=12.0000s
  bag#1: status=done, result=['赵二虎'], timing: match=0.0000s | ocr_angle_cls=0.0365s | ocr_bag_angle_cls=0.0071s | ocr_bag_angle_pred=0.0000s | ocr_bag_name_roi_extract=0.0271s | ocr_bottle_angle_cls=0.0466s | ocr_bottle_angle_pred=8.0000s | ocr_mixed_rknn_det=1.1247s | ocr_mixed_rknn_det_infer=0.9554s | ocr_mixed_rknn_rec=1.4018s | ocr_mixed_text_regions=50.0000s | ocr_shuye_angle_cls=0.0365s | ocr_shuye_preprocess=0.0356s | total=0.0000s
  bottle#1: status=ocr_empty, result=, timing: ocr_angle_cls=0.0365s | ocr_bag_angle_cls=0.0071s | ocr_bag_angle_pred=0.0000s | ocr_bag_name_roi_extract=0.0271s | ocr_bottle_angle_cls=0.0466s | ocr_bottle_angle_pred=8.0000s | ocr_mixed_rknn_det=1.1247s | ocr_mixed_rknn_det_infer=0.9554s | ocr_mixed_rknn_rec=1.4018s | ocr_mixed_text_regions=50.0000s | ocr_shuye_angle_cls=0.0365s | ocr_shuye_preprocess=0.0356s | total=0.0000s
  bottle#2: status=done, result=注射用头孢他啶, timing: classify=0.0723s | match=0.0075s | ocr_angle_cls=0.0365s | ocr_bag_angle_cls=0.0071s | ocr_bag_angle_pred=0.0000s | ocr_bag_name_roi_extract=0.0271s | ocr_bottle_angle_cls=0.0466s | ocr_bottle_angle_pred=8.0000s | ocr_mixed_rknn_det=1.1247s | ocr_mixed_rknn_det_infer=0.9554s | ocr_mixed_rknn_rec=1.4018s | ocr_mixed_text_regions=50.0000s | ocr_shuye_angle_cls=0.0365s | ocr_shuye_preprocess=0.0356s | total=0.0799s
    decision: weak_sift_override_rejected: predicted=灭菌注射用水, good=2, score=0.0061, ocr_top1=注射用头孢他啶
  bottle#3: status=done, result=人免疫球蛋白, timing: classify=0.1562s | match=0.0036s | ocr_angle_cls=0.0365s | ocr_bag_angle_cls=0.0071s | ocr_bag_angle_pred=0.0000s | ocr_bag_name_roi_extract=0.0271s | ocr_bottle_angle_cls=0.0466s | ocr_bottle_angle_pred=8.0000s | ocr_mixed_rknn_det=1.1247s | ocr_mixed_rknn_det_infer=0.9554s | ocr_mixed_rknn_rec=1.4018s | ocr_mixed_text_regions=50.0000s | ocr_shuye_angle_cls=0.0365s | ocr_shuye_preprocess=0.0356s | total=0.1599s
    decision: weak_sift_override_rejected: predicted=注射用哌拉西林钠他唑巴坦钠, good=3, score=0.0079, ocr_top1=人免疫球蛋白
  bottle#4: status=done, result=注射用头孢哌酮钠舒巴坦钠, timing: classify=0.0429s | match=0.0042s | ocr_angle_cls=0.0365s | ocr_bag_angle_cls=0.0071s | ocr_bag_angle_pred=0.0000s | ocr_bag_name_roi_extract=0.0271s | ocr_bottle_angle_cls=0.0466s | ocr_bottle_angle_pred=8.0000s | ocr_mixed_rknn_det=1.1247s | ocr_mixed_rknn_det_infer=0.9554s | ocr_mixed_rknn_rec=1.4018s | ocr_mixed_text_regions=50.0000s | ocr_shuye_angle_cls=0.0365s | ocr_shuye_preprocess=0.0356s | total=0.0472s
    decision: strong_sift_in_ocr_top3
  bottle#5: status=done, result=注射用门冬氨酸鸟氨酸, timing: classify=0.0369s | match=0.0052s | ocr_angle_cls=0.0365s | ocr_bag_angle_cls=0.0071s | ocr_bag_angle_pred=0.0000s | ocr_bag_name_roi_extract=0.0271s | ocr_bottle_angle_cls=0.0466s | ocr_bottle_angle_pred=8.0000s | ocr_mixed_rknn_det=1.1247s | ocr_mixed_rknn_det_infer=0.9554s | ocr_mixed_rknn_rec=1.4018s | ocr_mixed_text_regions=50.0000s | ocr_shuye_angle_cls=0.0365s | ocr_shuye_preprocess=0.0356s | total=0.0422s
    decision: sift_agrees_with_ocr_top1
  bottle#6: status=ocr_empty, result=, timing: ocr_angle_cls=0.0365s | ocr_bag_angle_cls=0.0071s | ocr_bag_angle_pred=0.0000s | ocr_bag_name_roi_extract=0.0271s | ocr_bottle_angle_cls=0.0466s | ocr_bottle_angle_pred=8.0000s | ocr_mixed_rknn_det=1.1247s | ocr_mixed_rknn_det_infer=0.9554s | ocr_mixed_rknn_rec=1.4018s | ocr_mixed_text_regions=50.0000s | ocr_shuye_angle_cls=0.0365s | ocr_shuye_preprocess=0.0356s | total=0.0000s
  shuye#1: status=ocr_empty, result=, timing: ocr_angle_cls=0.0365s | ocr_bag_angle_cls=0.0071s | ocr_bag_angle_pred=0.0000s | ocr_bag_name_roi_extract=0.0271s | ocr_bottle_angle_cls=0.0466s | ocr_bottle_angle_pred=8.0000s | ocr_mixed_rknn_det=1.1247s | ocr_mixed_rknn_det_infer=0.9554s | ocr_mixed_rknn_rec=1.4018s | ocr_mixed_text_regions=50.0000s | ocr_shuye_angle_cls=0.0365s | ocr_shuye_preprocess=0.0356s | total=0.0000s
  shuye#2: status=done, result=葡萄糖注射液, timing: ocr_angle_cls=0.0365s | ocr_bag_angle_cls=0.0071s | ocr_bag_angle_pred=0.0000s | ocr_bag_name_roi_extract=0.0271s | ocr_bottle_angle_cls=0.0466s | ocr_bottle_angle_pred=8.0000s | ocr_mixed_rknn_det=1.1247s | ocr_mixed_rknn_det_infer=0.9554s | ocr_mixed_rknn_rec=1.4018s | ocr_mixed_text_regions=50.0000s | ocr_shuye_angle_cls=0.0365s | ocr_shuye_preprocess=0.0356s | total=0.0000s
  shuye#3: status=partial, result=, timing: ocr_angle_cls=0.0365s | ocr_bag_angle_cls=0.0071s | ocr_bag_angle_pred=0.0000s | ocr_bag_name_roi_extract=0.0271s | ocr_bottle_angle_cls=0.0466s | ocr_bottle_angle_pred=8.0000s | ocr_mixed_rknn_det=1.1247s | ocr_mixed_rknn_det_infer=0.9554s | ocr_mixed_rknn_rec=1.4018s | ocr_mixed_text_regions=50.0000s | ocr_shuye_angle_cls=0.0365s | ocr_shuye_preprocess=0.0356s | total=0.0000s
  shuye#4: status=partial, result=, timing: ocr_angle_cls=0.0365s | ocr_bag_angle_cls=0.0071s | ocr_bag_angle_pred=0.0000s | ocr_bag_name_roi_extract=0.0271s | ocr_bottle_angle_cls=0.0466s | ocr_bottle_angle_pred=8.0000s | ocr_mixed_rknn_det=1.1247s | ocr_mixed_rknn_det_infer=0.9554s | ocr_mixed_rknn_rec=1.4018s | ocr_mixed_text_regions=50.0000s | ocr_shuye_angle_cls=0.0365s | ocr_shuye_preprocess=0.0356s | total=0.0000s
  shuye#5: status=partial, result=, timing: ocr_angle_cls=0.0365s | ocr_bag_angle_cls=0.0071s | ocr_bag_angle_pred=0.0000s | ocr_bag_name_roi_extract=0.0271s | ocr_bottle_angle_cls=0.0466s | ocr_bottle_angle_pred=8.0000s | ocr_mixed_rknn_det=1.1247s | ocr_mixed_rknn_det_infer=0.9554s | ocr_mixed_rknn_rec=1.4018s | ocr_mixed_text_regions=50.0000s | ocr_shuye_angle_cls=0.0365s | ocr_shuye_preprocess=0.0356s | total=0.0000s

[单线程顺序处理完成] 耗时: 3.29s, 完成任务: 12/12

============================================================
【处理结果汇总】
  药瓶: 6 个
  药袋: 1 个
  输液袋: 5 个
============================================================
  药瓶 2: 注射用头孢他啶 (方式: ocr_candidate_sift_rejected, 置信度: 0.0200)
  药瓶 3: 人免疫球蛋白 (方式: ocr_candidate_sift_rejected, 置信度: 0.0374)
  药瓶 4: 注射用头孢哌酮钠舒巴坦钠 (方式: sift_template, 置信度: 0.0607, SIFT good=4, score=0.0109)
  药瓶 5: 注射用门冬氨酸鸟氨酸 (方式: sift_template, 置信度: 0.0686, SIFT good=6, score=0.0172)

🏥 识别药品（去重后）: ['人免疫球蛋白', '注射用门冬氨酸鸟氨酸', '注射用头孢哌酮钠舒巴坦钠', '注射用头孢他啶']
  药袋 1: 患者 ['赵二虎']

👤 患者姓名: ['赵二虎']
  输液袋 1: 液体=None, 浓度=None, 容量=None, 状态=ocr_empty
  输液袋 2: 液体=葡萄糖注射液, 浓度=5%, 容量=50ml, 状态=done
  输液袋 3: 液体=None, 浓度=None, 容量=None, 状态=partial
  输液袋 4: 液体=None, 浓度=None, 容量=None, 状态=partial
  输液袋 5: 液体=None, 浓度=None, 容量=None, 状态=partial

💧 输液袋信息: [{'liquid': None, 'concentration': None, 'volume': None, 'raw_text': '', 'missing': ['liquid', 'concentration', 'volume'], 'status': 'ocr_empty'}, {'liquid': '葡萄糖注射液', 'concentration': '5%', 'volume': '50ml', 'raw_text': '正纳或润注 葡萄糖注射液 Glucosenjection 5% 50ml', 'missing': [], 'status': 'done'}, {'liquid': None, 'concentration': None, 'volume': None, 'raw_text': '13134', 'missing': ['liquid', 'concentration', 'volume'], 'status': 'partial'}, {'liquid': None, 'concentration': None, 'volume': None, 'raw_text': '供静质 葡萄粮 Glucose', 'missing': ['liquid', 'concentration', 'volume'], 'status': 'partial'}, {'liquid': None, 'concentration': None, 'volume': None, 'raw_text': '葡', 'missing': ['liquid', 'concentration', 'volume'], 'status': 'partial'}]
💧 输液袋结构化信息: [{'index': 0, 'liquid': None, 'concentration': None, 'volume': None, 'raw_text': '', 'status': 'ocr_empty'}, {'index': 1, 'liquid': '葡萄糖注射液', 'concentration': '5%', 'volume': '50ml', 'raw_text': '正纳或润注 葡萄糖注射液 Glucosenjection 5% 50ml', 'status': 'done'}, {'index': 2, 'liquid': None, 'concentration': None, 'volume': None, 'raw_text': '13134', 'status': 'partial'}, {'index': 3, 'liquid': None, 'concentration': None, 'volume': None, 'raw_text': '供静质 葡萄粮 Glucose', 'status': 'partial'}, {'index': 4, 'liquid': None, 'concentration': None, 'volume': None, 'raw_text': '葡', 'status': 'partial'}]
利用“魏理想”作为测试病人

============================================================
【数据库匹配结果】
  患者: ['赵二虎']
  识别药品: ['人免疫球蛋白', '注射用门冬氨酸鸟氨酸', '注射用头孢哌酮钠舒巴坦钠', '注射用头孢他啶']
  输液袋信息: [{'liquid': None, 'concentration': None, 'volume': None, 'raw_text': '', 'missing': ['liquid', 'concentration', 'volume'], 'status': 'ocr_empty'}, {'liquid': '葡萄糖注射液', 'concentration': '5%', 'volume': '50ml', 'raw_text': '正纳或润注 葡萄糖注射液 Glucosenjection 5% 50ml', 'missing': [], 'status': 'done'}, {'liquid': None, 'concentration': None, 'volume': None, 'raw_text': '13134', 'missing': ['liquid', 'concentration', 'volume'], 'status': 'partial'}, {'liquid': None, 'concentration': None, 'volume': None, 'raw_text': '供静质 葡萄粮 Glucose', 'missing': ['liquid', 'concentration', 'volume'], 'status': 'partial'}, {'liquid': None, 'concentration': None, 'volume': None, 'raw_text': '葡', 'missing': ['liquid', 'concentration', 'volume'], 'status': 'partial'}]
  数据库药品: ['注射用艾司奥拉美拉唑钠', '破伤风人免疫球蛋白']
  ❌ 缺少: ['人免疫球蛋白', '注射用门冬氨酸鸟氨酸', '注射用头孢哌酮钠舒巴坦钠', '注射用头孢他啶']
     多余: ['注射用艾司奥拉美拉唑钠', '破伤风人免疫球蛋白']
============================================================

⏱ 总耗时: 3.30s (多线程处理: 3.29s)
🔓 后台处理完成
detections: [[874.0540161132812, 942.9124755859375, 1286.8319091796875, 1158.0999755859375, 0.53955078125, 0.0], [1786.8194580078125, 553.86328125, 1950.3648681640625, 925.0616455078125, 0.74267578125, 0.0], [1937.31591796875, 667.8148193359375, 2057.365234375, 922.6163330078125, 0.7763671875, 0.0], [2914.838134765625, 705.2281494140625, 3261.936767578125, 1250.043701171875, 0.685546875, 0.0], [1789.4310302734375, 555.8195190429688, 1950.6927490234375, 919.1929321289062, 0.7099609375, 0.0], [1940.96044921875, 668.059326171875, 2061.009765625, 923.3499755859375, 0.7724609375, 0.0], [2384.838134765625, 808.664794921875, 2753.250244140625, 1051.7288818359375, 0.50732421875, 1.0], [2127.993896484375, 587.8530883789062, 3001.395263671875, 1252.97802734375, 0.7421875, 2.0], [1613.6524658203125, 556.5531005859375, 1800.3594970703125, 1231.4593505859375, 0.4697265625, 2.0], [1613.217529296875, 499.8218688964844, 1794.59619140625, 1087.6749267578125, 0.54931640625, 2.0], [890.7999267578125, 927.5625, 1917.3077392578125, 1814.721923828125, 0.57861328125, 2.0], [2573.82861328125, 1758.7242431640625, 3018.35888671875, 1933.3194580078125, 0.783203125, 0.0], [1948.789794921875, 903.5985107421875, 2642.117431640625, 1868.0296630859375, 0.5830078125, 2.0], [1610.8251953125, 949.5703735351562, 1875.281494140625, 1877.81103515625, 0.48681640625, 2.0]]
[Detection Timing last 30] detect_batch:avg=0.61s,max=1.15s,p95=0.82s | detect_runtime_excluding_model_init:avg=0.61s,max=1.15s,p95=0.82s | fps:avg=1.67s,max=2.03s,p95=1.90s | frames:avg=1.00s,max=1.00s,p95=1.00s
detections: [[872.5316162109375, 944.8687133789062, 1290.0941162109375, 1156.1436767578125, 0.490966796875, 0.0], [1785.0797119140625, 551.1734008789062, 1952.1046142578125, 922.8609008789062, 0.734375, 0.0], [1936.446044921875, 665.614013671875, 2058.235107421875, 921.8828125, 0.775390625, 0.0], [998.6702880859375, 501.5335693359375, 1812.9171142578125, 1075.203857421875, 0.6083984375, 2.0], [2911.358154296875, 702.293701171875, 3261.936767578125, 1250.043701171875, 0.58447265625, 0.0], [1788.8328857421875, 554.1078491210938, 1951.2908935546875, 918.9484252929688, 0.71923828125, 0.0], [1939.6556396484375, 666.34765625, 2060.57470703125, 922.1273193359375, 0.77685546875, 0.0], [2130.603515625, 586.875, 2997.0458984375, 1248.08740234375, 0.74560546875, 2.0], [1613.869873046875, 523.296875, 1798.61962890625, 1189.39990234375, 0.546875, 2.0], [1610.4990234375, 463.6312255859375, 1796.77099609375, 1099.4124755859375, 0.477294921875, 2.0], [913.41796875, 926.5844116210938, 1917.307861328125, 1810.809326171875, 0.60302734375, 2.0], [2578.61328125, 1758.9686279296875, 3010.0947265625, 1932.0968017578125, 0.7841796875, 0.0], [1953.139404296875, 905.0656127929688, 2642.987548828125, 1867.54052734375, 0.57861328125, 2.0], [1611.042724609375, 947.6141357421875, 1884.8505859375, 1874.8765869140625, 0.467529296875, 2.0]]
detections: [[873.1840209960938, 944.6242065429688, 1291.1815185546875, 1156.3883056640625, 0.47900390625, 0.0], [1785.0797119140625, 551.41796875, 1952.1046142578125, 921.6383056640625, 0.734375, 0.0], [1936.446044921875, 665.125, 2058.235107421875, 921.3936767578125, 0.7685546875, 0.0], [1005.629638671875, 499.82183837890625, 1814.656982421875, 1085.71875, 0.60498046875, 2.0], [2913.09814453125, 703.2718505859375, 3263.6767578125, 1250.043701171875, 0.5556640625, 0.0], [1788.8873291015625, 554.596923828125, 1950.8016357421875, 918.4593505859375, 0.71875, 0.0], [1939.3294677734375, 666.1031494140625, 2060.901123046875, 922.371826171875, 0.77392578125, 0.0], [2385.49072265625, 805.9749755859375, 2754.33740234375, 1044.637451171875, 0.5244140625, 1.0], [2131.03857421875, 583.696044921875, 2998.3505859375, 1249.3101806640625, 0.74365234375, 2.0], [1613.8699951171875, 525.2531127929688, 1797.9671630859375, 1185.487548828125, 0.541015625, 2.0], [1610.607666015625, 467.54376220703125, 1796.553466796875, 1102.346923828125, 0.472412109375, 2.0], [916.8975830078125, 929.518798828125, 1917.3077392578125, 1809.831298828125, 0.55322265625, 2.0], [2576.003662109375, 1758.96875, 3012.704345703125, 1931.11865234375, 0.7861328125, 0.0], [1943.5703125, 906.0437622070312, 2642.11767578125, 1868.518798828125, 0.55712890625, 2.0], [1612.130126953125, 959.8406982421875, 1916.602783203125, 1831.3499755859375, 0.46484375, 2.0]]
detections: [[875.7937622070312, 946.5805053710938, 1288.5716552734375, 1158.3446044921875, 0.55859375, 0.0], [1785.9495849609375, 552.8851318359375, 1951.2347412109375, 924.0836181640625, 0.734375, 0.0], [1936.446044921875, 666.34765625, 2058.235107421875, 922.1273193359375, 0.7763671875, 0.0], [2912.663330078125, 703.2718505859375, 3262.371826171875, 1250.043701171875, 0.61572265625, 0.0], [1789.8116455078125, 555.8195190429688, 1952.0521240234375, 919.1929321289062, 0.712890625, 0.0], [1940.0906982421875, 667.3257446289062, 2061.44482421875, 923.1054077148438, 0.7744140625, 0.0], [2386.14306640625, 808.17578125, 2753.68505859375, 1050.26171875, 0.53173828125, 1.0], [2131.908447265625, 588.8312377929688, 2997.480712890625, 1249.065673828125, 0.74658203125, 2.0], [1614.1961669921875, 523.296875, 1797.6409912109375, 1182.5531005859375, 0.5625, 2.0], [1610.281494140625, 465.5874938964844, 1796.009765625, 1114.0843505859375, 0.501953125, 2.0], [897.75927734375, 927.073486328125, 1919.047607421875, 1815.699951171875, 0.60205078125, 2.0], [2572.958740234375, 1758.96875, 3019.228759765625, 1933.074951171875, 0.77294921875, 0.0], [1947.919921875, 906.5327758789062, 2642.11767578125, 1869.0078125, 0.615234375, 2.0], [1611.695068359375, 957.395263671875, 1903.33642578125, 1837.707763671875, 0.49755859375, 2.0]]

⏰ 定时触发 → 后台线程已启动
最清晰帧: 批次 1/2 中的第 1 张
检测结果: 药袋 1 个, 药瓶 5 个, 输液袋 5 个

============================================================
[单线程顺序处理] 共 11 个任务: 药瓶 5, 药袋 1, 输液袋 5
============================================================
🔍 药品匹配模式，查询：盗体擦摄松注射用实CeftriaxOneHNaO7S1.0g
[警告] 以下药品未在缓存中找到: ['注射用头孢唑啉钠']
药瓶旋转
[特征提取耗时] 0.0331 秒
[分类耗时] 0.0716 秒
🔍 药品匹配模式，查询：1[产号】250608#期2027.05、
🔍 药品匹配模式，查询：头热吸销舒巴均换20062927/09
药瓶旋转
[特征提取耗时] 0.0359 秒
[分类耗时] 0.0494 秒
🔍 药品匹配模式，查询：艺
⚠️ 未找到匹配结果,返回所有药品名称
[警告] 以下药品未在缓存中找到: ['注射用头孢唑啉钠']
药瓶旋转
[特征提取耗时] 0.0319 秒
[分类耗时] 0.1758 秒

[Timing Summary last 4] background_total:avg=3.63s,max=4.04s,p95=4.04s | bag_count:avg=1.00s,max=1.00s,p95=1.00s | bag_match:avg=0.00s,max=0.00s,p95=0.00s | bag_ocr_angle_cls:avg=0.05s,max=0.07s,p95=0.07s | bag_ocr_bag_angle_cls:avg=0.01s,max=0.01s,p95=0.01s | bag_ocr_bag_angle_pred:avg=0.00s,max=0.00s,p95=0.00s | bag_ocr_bag_name_roi_extract:avg=0.07s,max=0.19s,p95=0.19s | bag_ocr_bottle_angle_cls:avg=0.05s,max=0.06s,p95=0.06s | bag_ocr_bottle_angle_pred:avg=7.75s,max=10.00s,p95=10.00s | bag_ocr_mixed_rknn_det:avg=1.17s,max=1.22s,p95=1.22s | bag_ocr_mixed_rknn_det_infer:avg=0.99s,max=1.09s,p95=1.09s | bag_ocr_mixed_rknn_rec:avg=1.51s,max=1.75s,p95=1.75s | bag_ocr_mixed_text_regions:avg=55.25s,max=67.00s,p95=67.00s | bag_ocr_shuye_angle_cls:avg=0.05s,max=0.07s,p95=0.07s | bag_ocr_shuye_preprocess:avg=0.03s,max=0.04s,p95=0.04s | bag_total:avg=0.00s,max=0.00s,p95=0.00s | bottle_classify:avg=0.45s,max=0.92s,p95=0.92s | bottle_count:avg=5.25s,max=6.00s,p95=6.00s | bottle_match:avg=0.02s,max=0.03s,p95=0.03s | bottle_ocr_angle_cls:avg=0.24s,max=0.33s,p95=0.33s | bottle_ocr_bag_angle_cls:avg=0.01s,max=0.01s,p95=0.01s | bottle_ocr_bag_angle_pred:avg=0.00s,max=0.00s,p95=0.00s | bottle_ocr_bag_name_roi_extract:avg=0.07s,max=0.19s,p95=0.19s | bottle_ocr_bottle_angle_cls:avg=0.05s,max=0.06s,p95=0.06s | bottle_ocr_bottle_angle_pred:avg=7.75s,max=10.00s,p95=10.00s | bottle_ocr_mixed_rknn_det:avg=1.17s,max=1.22s,p95=1.22s | bottle_ocr_mixed_rknn_det_infer:avg=0.99s,max=1.09s,p95=1.09s | bottle_ocr_mixed_rknn_rec:avg=1.51s,max=1.75s,p95=1.75s | bottle_ocr_mixed_text_regions:avg=55.25s,max=67.00s,p95=67.00s | bottle_ocr_shuye_angle_cls:avg=0.05s,max=0.07s,p95=0.07s | bottle_ocr_shuye_preprocess:avg=0.03s,max=0.04s,p95=0.04s | bottle_total:avg=0.47s,max=0.94s,p95=0.94s | crop:avg=0.00s,max=0.00s,p95=0.00s | prepare_and_recognition:avg=3.35s,max=3.76s,p95=3.76s | recognition_tasks:avg=3.63s,max=4.04s,p95=4.04s | runtime_excluding_model_init:avg=3.63s,max=4.04s,p95=4.04s | select_sharpest:avg=0.28s,max=0.28s,p95=0.28s | shuye_count:avg=5.25s,max=6.00s,p95=6.00s | shuye_ocr_angle_cls:avg=0.25s,max=0.40s,p95=0.40s | shuye_ocr_bag_angle_cls:avg=0.01s,max=0.01s,p95=0.01s | shuye_ocr_bag_angle_pred:avg=0.00s,max=0.00s,p95=0.00s | shuye_ocr_bag_name_roi_extract:avg=0.07s,max=0.19s,p95=0.19s | shuye_ocr_bottle_angle_cls:avg=0.05s,max=0.06s,p95=0.06s | shuye_ocr_bottle_angle_pred:avg=7.75s,max=10.00s,p95=10.00s | shuye_ocr_mixed_rknn_det:avg=1.17s,max=1.22s,p95=1.22s | shuye_ocr_mixed_rknn_det_infer:avg=0.99s,max=1.09s,p95=1.09s | shuye_ocr_mixed_rknn_rec:avg=1.51s,max=1.75s,p95=1.75s | shuye_ocr_mixed_text_regions:avg=55.25s,max=67.00s,p95=67.00s | shuye_ocr_shuye_angle_cls:avg=0.05s,max=0.07s,p95=0.07s | shuye_ocr_shuye_preprocess:avg=0.03s,max=0.04s,p95=0.04s | shuye_total:avg=0.00s,max=0.00s,p95=0.00s | target_count:avg=11.50s,max=12.00s,p95=12.00s

[Step Timing Detail]
  batch: background_total=3.6452s | bag_count=1.0000s | bag_match=0.0000s | bag_ocr_angle_cls=0.0403s | bag_ocr_bag_angle_cls=0.0123s | bag_ocr_bag_angle_pred=0.0000s | bag_ocr_bag_name_roi_extract=0.0276s | bag_ocr_bottle_angle_cls=0.0430s | bag_ocr_bottle_angle_pred=10.0000s | bag_ocr_mixed_rknn_det=1.1437s | bag_ocr_mixed_rknn_det_infer=0.9735s | bag_ocr_mixed_rknn_rec=1.7508s | bag_ocr_mixed_text_regions=67.0000s | bag_ocr_shuye_angle_cls=0.0403s | bag_ocr_shuye_preprocess=0.0276s | bag_total=0.0000s | bottle_classify=0.2970s | bottle_count=5.0000s | bottle_match=0.0182s | bottle_ocr_angle_cls=0.2015s | bottle_ocr_bag_angle_cls=0.0123s | bottle_ocr_bag_angle_pred=0.0000s | bottle_ocr_bag_name_roi_extract=0.0276s | bottle_ocr_bottle_angle_cls=0.0430s | bottle_ocr_bottle_angle_pred=10.0000s | bottle_ocr_mixed_rknn_det=1.1437s | bottle_ocr_mixed_rknn_det_infer=0.9735s | bottle_ocr_mixed_rknn_rec=1.7508s | bottle_ocr_mixed_text_regions=67.0000s | bottle_ocr_shuye_angle_cls=0.0403s | bottle_ocr_shuye_preprocess=0.0276s | bottle_total=0.3156s | crop=0.0043s | prepare_and_recognition=3.3635s | recognition_tasks=3.6452s | runtime_excluding_model_init=3.6452s | select_sharpest=0.2774s | shuye_count=5.0000s | shuye_ocr_angle_cls=0.2015s | shuye_ocr_bag_angle_cls=0.0123s | shuye_ocr_bag_angle_pred=0.0000s | shuye_ocr_bag_name_roi_extract=0.0276s | shuye_ocr_bottle_angle_cls=0.0430s | shuye_ocr_bottle_angle_pred=10.0000s | shuye_ocr_mixed_rknn_det=1.1437s | shuye_ocr_mixed_rknn_det_infer=0.9735s | shuye_ocr_mixed_rknn_rec=1.7508s | shuye_ocr_mixed_text_regions=67.0000s | shuye_ocr_shuye_angle_cls=0.0403s | shuye_ocr_shuye_preprocess=0.0276s | shuye_total=0.0001s | target_count=11.0000s
  bag#1: status=done, result=['赵二虎'], timing: match=0.0000s | ocr_angle_cls=0.0403s | ocr_bag_angle_cls=0.0123s | ocr_bag_angle_pred=0.0000s | ocr_bag_name_roi_extract=0.0276s | ocr_bottle_angle_cls=0.0430s | ocr_bottle_angle_pred=10.0000s | ocr_mixed_rknn_det=1.1437s | ocr_mixed_rknn_det_infer=0.9735s | ocr_mixed_rknn_rec=1.7508s | ocr_mixed_text_regions=67.0000s | ocr_shuye_angle_cls=0.0403s | ocr_shuye_preprocess=0.0276s | total=0.0000s
  bottle#1: status=ocr_empty, result=, timing: ocr_angle_cls=0.0403s | ocr_bag_angle_cls=0.0123s | ocr_bag_angle_pred=0.0000s | ocr_bag_name_roi_extract=0.0276s | ocr_bottle_angle_cls=0.0430s | ocr_bottle_angle_pred=10.0000s | ocr_mixed_rknn_det=1.1437s | ocr_mixed_rknn_det_infer=0.9735s | ocr_mixed_rknn_rec=1.7508s | ocr_mixed_text_regions=67.0000s | ocr_shuye_angle_cls=0.0403s | ocr_shuye_preprocess=0.0276s | total=0.0000s
  bottle#2: status=done, result=注射用头孢曲松钠, timing: classify=0.0716s | match=0.0062s | ocr_angle_cls=0.0403s | ocr_bag_angle_cls=0.0123s | ocr_bag_angle_pred=0.0000s | ocr_bag_name_roi_extract=0.0276s | ocr_bottle_angle_cls=0.0430s | ocr_bottle_angle_pred=10.0000s | ocr_mixed_rknn_det=1.1437s | ocr_mixed_rknn_det_infer=0.9735s | ocr_mixed_rknn_rec=1.7508s | ocr_mixed_text_regions=67.0000s | ocr_shuye_angle_cls=0.0403s | ocr_shuye_preprocess=0.0276s | total=0.0780s
    decision: weak_sift_override_rejected: predicted=注射用头孢哌酮钠舒巴坦钠（2：1）, good=1, score=0.0026, ocr_top1=注射用头孢曲松钠
  bottle#3: status=no_candidates, result=, timing: match=0.0045s | ocr_angle_cls=0.0403s | ocr_bag_angle_cls=0.0123s | ocr_bag_angle_pred=0.0000s | ocr_bag_name_roi_extract=0.0276s | ocr_bottle_angle_cls=0.0430s | ocr_bottle_angle_pred=10.0000s | ocr_mixed_rknn_det=1.1437s | ocr_mixed_rknn_det_infer=0.9735s | ocr_mixed_rknn_rec=1.7508s | ocr_mixed_text_regions=67.0000s | ocr_shuye_angle_cls=0.0403s | ocr_shuye_preprocess=0.0276s | total=0.0046s
  bottle#4: status=done, result=注射用头孢哌酮钠舒巴坦钠（2：1）, timing: classify=0.0495s | match=0.0039s | ocr_angle_cls=0.0403s | ocr_bag_angle_cls=0.0123s | ocr_bag_angle_pred=0.0000s | ocr_bag_name_roi_extract=0.0276s | ocr_bottle_angle_cls=0.0430s | ocr_bottle_angle_pred=10.0000s | ocr_mixed_rknn_det=1.1437s | ocr_mixed_rknn_det_infer=0.9735s | ocr_mixed_rknn_rec=1.7508s | ocr_mixed_text_regions=67.0000s | ocr_shuye_angle_cls=0.0403s | ocr_shuye_preprocess=0.0276s | total=0.0534s
    decision: weak_sift_override_rejected: predicted=注射用头孢哌酮钠舒巴坦钠, good=2, score=0.0056, ocr_top1=注射用头孢哌酮钠舒巴坦钠（2：1）
  bottle#5: status=done, result=人免疫球蛋白, timing: classify=0.1759s | match=0.0036s | ocr_angle_cls=0.0403s | ocr_bag_angle_cls=0.0123s | ocr_bag_angle_pred=0.0000s | ocr_bag_name_roi_extract=0.0276s | ocr_bottle_angle_cls=0.0430s | ocr_bottle_angle_pred=10.0000s | ocr_mixed_rknn_det=1.1437s | ocr_mixed_rknn_det_infer=0.9735s | ocr_mixed_rknn_rec=1.7508s | ocr_mixed_text_regions=67.0000s | ocr_shuye_angle_cls=0.0403s | ocr_shuye_preprocess=0.0276s | total=0.1796s
    decision: weak_sift_override_rejected: predicted=葡萄糖注射液, good=1, score=0.0075, ocr_top1=人免疫球蛋白
  shuye#1: status=ocr_empty, result=, timing: ocr_angle_cls=0.0403s | ocr_bag_angle_cls=0.0123s | ocr_bag_angle_pred=0.0000s | ocr_bag_name_roi_extract=0.0276s | ocr_bottle_angle_cls=0.0430s | ocr_bottle_angle_pred=10.0000s | ocr_mixed_rknn_det=1.1437s | ocr_mixed_rknn_det_infer=0.9735s | ocr_mixed_rknn_rec=1.7508s | ocr_mixed_text_regions=67.0000s | ocr_shuye_angle_cls=0.0403s | ocr_shuye_preprocess=0.0276s | total=0.0000s
  shuye#2: status=done, result=葡萄糖注射液, timing: ocr_angle_cls=0.0403s | ocr_bag_angle_cls=0.0123s | ocr_bag_angle_pred=0.0000s | ocr_bag_name_roi_extract=0.0276s | ocr_bottle_angle_cls=0.0430s | ocr_bottle_angle_pred=10.0000s | ocr_mixed_rknn_det=1.1437s | ocr_mixed_rknn_det_infer=0.9735s | ocr_mixed_rknn_rec=1.7508s | ocr_mixed_text_regions=67.0000s | ocr_shuye_angle_cls=0.0403s | ocr_shuye_preprocess=0.0276s | total=0.0000s
  shuye#3: status=partial, result=, timing: ocr_angle_cls=0.0403s | ocr_bag_angle_cls=0.0123s | ocr_bag_angle_pred=0.0000s | ocr_bag_name_roi_extract=0.0276s | ocr_bottle_angle_cls=0.0430s | ocr_bottle_angle_pred=10.0000s | ocr_mixed_rknn_det=1.1437s | ocr_mixed_rknn_det_infer=0.9735s | ocr_mixed_rknn_rec=1.7508s | ocr_mixed_text_regions=67.0000s | ocr_shuye_angle_cls=0.0403s | ocr_shuye_preprocess=0.0276s | total=0.0000s
  shuye#4: status=done, result=葡萄糖注射液, timing: ocr_angle_cls=0.0403s | ocr_bag_angle_cls=0.0123s | ocr_bag_angle_pred=0.0000s | ocr_bag_name_roi_extract=0.0276s | ocr_bottle_angle_cls=0.0430s | ocr_bottle_angle_pred=10.0000s | ocr_mixed_rknn_det=1.1437s | ocr_mixed_rknn_det_infer=0.9735s | ocr_mixed_rknn_rec=1.7508s | ocr_mixed_text_regions=67.0000s | ocr_shuye_angle_cls=0.0403s | ocr_shuye_preprocess=0.0276s | total=0.0000s
  shuye#5: status=partial, result=, timing: ocr_angle_cls=0.0403s | ocr_bag_angle_cls=0.0123s | ocr_bag_angle_pred=0.0000s | ocr_bag_name_roi_extract=0.0276s | ocr_bottle_angle_cls=0.0430s | ocr_bottle_angle_pred=10.0000s | ocr_mixed_rknn_det=1.1437s | ocr_mixed_rknn_det_infer=0.9735s | ocr_mixed_rknn_rec=1.7508s | ocr_mixed_text_regions=67.0000s | ocr_shuye_angle_cls=0.0403s | ocr_shuye_preprocess=0.0276s | total=0.0000s

[单线程顺序处理完成] 耗时: 3.65s, 完成任务: 11/11

============================================================
【处理结果汇总】
  药瓶: 5 个
  药袋: 1 个
  输液袋: 5 个
============================================================
  药瓶 2: 注射用头孢曲松钠 (方式: ocr_candidate_sift_rejected, 置信度: 0.0364)
  药瓶 4: 注射用头孢哌酮钠舒巴坦钠（2：1） (方式: ocr_candidate_sift_rejected, 置信度: 0.0565)
  药瓶 5: 人免疫球蛋白 (方式: ocr_candidate_sift_rejected, 置信度: 0.0568)

🏥 识别药品（去重后）: ['注射用头孢曲松钠', '注射用头孢哌酮钠舒巴坦钠（2：1）', '人免疫球蛋白']
  药袋 1: 患者 ['赵二虎']

👤 患者姓名: ['赵二虎']
  输液袋 1: 液体=None, 浓度=None, 容量=None, 状态=ocr_empty
  输液袋 2: 液体=葡萄糖注射液, 浓度=5%, 容量=50ml, 状态=done
  输液袋 3: 液体=None, 浓度=None, 容量=None, 状态=partial
  输液袋 4: 液体=葡萄糖注射液, 浓度=5%, 容量=50ml, 状态=done
  输液袋 5: 液体=None, 浓度=None, 容量=None, 状态=partial

💧 输液袋信息: [{'liquid': None, 'concentration': None, 'volume': None, 'raw_text': '', 'missing': ['liquid', 'concentration', 'volume'], 'status': 'ocr_empty'}, {'liquid': '葡萄糖注射液', 'concentration': '5%', 'volume': '50ml', 'raw_text': '供静脉注射或清注 葡萄糖注射液 Glucoselnjection 5% 50ml應應', 'missing': [], 'status': 'done'}, {'liquid': None, 'concentration': None, 'volume': None, 'raw_text': '113134', 'missing': ['liquid', 'concentration', 'volume'], 'status': 'partial'}, {'liquid': '葡萄糖注射液', 'concentration': '5%', 'volume': '50ml', 'raw_text': '供参欧注时或消 葡萄糖注射液 Glucoselnjection 5% 50ml', 'missing': [], 'status': 'done'}, {'liquid': None, 'concentration': None, 'volume': None, 'raw_text': '葡萄 Gluc', 'missing': ['liquid', 'concentration', 'volume'], 'status': 'partial'}]
💧 输液袋结构化信息: [{'index': 0, 'liquid': None, 'concentration': None, 'volume': None, 'raw_text': '', 'status': 'ocr_empty'}, {'index': 1, 'liquid': '葡萄糖注射液', 'concentration': '5%', 'volume': '50ml', 'raw_text': '供静脉注射或清注 葡萄糖注射液 Glucoselnjection 5% 50ml應應', 'status': 'done'}, {'index': 2, 'liquid': None, 'concentration': None, 'volume': None, 'raw_text': '113134', 'status': 'partial'}, {'index': 3, 'liquid': '葡萄糖注射液', 'concentration': '5%', 'volume': '50ml', 'raw_text': '供参欧注时或消 葡萄糖注射液 Glucoselnjection 5% 50ml', 'status': 'done'}, {'index': 4, 'liquid': None, 'concentration': None, 'volume': None, 'raw_text': '葡萄 Gluc', 'status': 'partial'}]
利用“魏理想”作为测试病人

============================================================
【数据库匹配结果】
  患者: ['赵二虎']
  识别药品: ['注射用头孢曲松钠', '注射用头孢哌酮钠舒巴坦钠（2：1）', '人免疫球蛋白']
  输液袋信息: [{'liquid': None, 'concentration': None, 'volume': None, 'raw_text': '', 'missing': ['liquid', 'concentration', 'volume'], 'status': 'ocr_empty'}, {'liquid': '葡萄糖注射液', 'concentration': '5%', 'volume': '50ml', 'raw_text': '供静脉注射或清注 葡萄糖注射液 Glucoselnjection 5% 50ml應應', 'missing': [], 'status': 'done'}, {'liquid': None, 'concentration': None, 'volume': None, 'raw_text': '113134', 'missing': ['liquid', 'concentration', 'volume'], 'status': 'partial'}, {'liquid': '葡萄糖注射液', 'concentration': '5%', 'volume': '50ml', 'raw_text': '供参欧注时或消 葡萄糖注射液 Glucoselnjection 5% 50ml', 'missing': [], 'status': 'done'}, {'liquid': None, 'concentration': None, 'volume': None, 'raw_text': '葡萄 Gluc', 'missing': ['liquid', 'concentration', 'volume'], 'status': 'partial'}]
  数据库药品: ['注射用艾司奥拉美拉唑钠', '破伤风人免疫球蛋白']
  ❌ 缺少: ['注射用头孢曲松钠', '注射用头孢哌酮钠舒巴坦钠（2：1）', '人免疫球蛋白']
     多余: ['注射用艾司奥拉美拉唑钠', '破伤风人免疫球蛋白']
============================================================

⏱ 总耗时: 3.65s (多线程处理: 3.65s)
🔓 后台处理完成
detections: [[1785.9495849609375, 551.6624755859375, 1951.2347412109375, 922.371826171875, 0.74365234375, 0.0], [1936.446044921875, 664.8804321289062, 2058.235107421875, 921.6382446289062, 0.7724609375, 0.0], [2913.533203125, 702.5382080078125, 3263.24169921875, 1249.7991943359375, 0.54052734375, 0.0], [1787.7999267578125, 554.3523559570312, 1951.8890380859375, 918.7039184570312, 0.7265625, 0.0], [1939.764404296875, 666.34765625, 2060.466064453125, 922.1273193359375, 0.77197265625, 0.0], [2384.838134765625, 808.9093627929688, 2753.250244140625, 1044.637451171875, 0.488525390625, 1.0], [2140.607666015625, 579.2945556640625, 2999.220458984375, 1247.8428955078125, 0.74169921875, 2.0], [1613.9786376953125, 525.2530517578125, 1799.5982666015625, 1182.5531005859375, 0.55419921875, 2.0], [1610.4990234375, 465.5874938964844, 1797.5322265625, 1103.324951171875, 0.475830078125, 2.0], [1612.3475341796875, 970.0554809570312, 1949.8773193359375, 1252.2445068359375, 0.478515625, 2.0], [912.9830322265625, 927.073486328125, 1922.9622802734375, 1813.254638671875, 0.5869140625, 2.0], [2575.1337890625, 1759.2132568359375, 3013.57421875, 1930.8741455078125, 0.7822265625, 0.0], [1945.3101806640625, 907.0219116210938, 2642.11767578125, 1869.496826171875, 0.58935546875, 2.0], [1611.91259765625, 957.8843994140625, 1925.73681640625, 1835.2625732421875, 0.478271484375, 2.0]]
detections: [[872.5316162109375, 944.379638671875, 1290.0941162109375, 1156.6328125, 0.48193359375, 0.0], [1785.9495849609375, 552.1515502929688, 1951.2347412109375, 923.8390502929688, 0.736328125, 0.0], [1936.446044921875, 666.1031494140625, 2058.235107421875, 922.371826171875, 0.77734375, 0.0], [1001.7150268554688, 484.1718444824219, 1813.35205078125, 1082.7843017578125, 0.50390625, 2.0], [2912.663330078125, 701.315673828125, 3262.371826171875, 1250.043701171875, 0.57373046875, 0.0], [1788.23486328125, 555.0859375, 1951.888916015625, 919.926513671875, 0.72412109375, 0.0], [1940.851806640625, 667.0812377929688, 2061.118408203125, 922.3718872070312, 0.775390625, 0.0], [2134.953125, 576.360107421875, 2997.91552734375, 1248.821044921875, 0.73876953125, 2.0], [1614.196044921875, 528.1875, 1797.314697265625, 1183.53125, 0.5546875, 2.0], [1610.1728515625, 472.43438720703125, 1796.227294921875, 1112.128173828125, 0.49267578125, 2.0], [1611.695068359375, 962.4749145507812, 1948.789794921875, 1251.9998779296875, 0.487548828125, 2.0], [911.2431640625, 925.606201171875, 1921.222412109375, 1812.765625, 0.591796875, 2.0], [2578.178466796875, 1759.7022705078125, 3010.529541015625, 1932.3414306640625, 0.79296875, 0.0], [1955.749267578125, 906.0437622070312, 2641.247802734375, 1868.518798828125, 0.56591796875, 2.0]]
detections: [[872.5315551757812, 945.8468627929688, 1291.8338623046875, 1157.121826171875, 0.48193359375, 0.0], [1785.9495849609375, 552.640625, 1951.2347412109375, 923.3499755859375, 0.74169921875, 0.0], [1936.446044921875, 666.34765625, 2058.235107421875, 922.1273193359375, 0.779296875, 0.0], [1000.41015625, 489.0625, 1812.917236328125, 1084.7406005859375, 0.55908203125, 2.0], [2913.09814453125, 702.293701171875, 3263.6767578125, 1250.043701171875, 0.55615234375, 0.0], [1788.23486328125, 555.5750122070312, 1952.323974609375, 920.4155883789062, 0.73193359375, 0.0], [1940.525634765625, 667.0812377929688, 2061.009765625, 922.3718872070312, 0.77392578125, 0.0], [2388.53515625, 812.8218383789062, 2754.7724609375, 1052.46240234375, 0.50341796875, 1.0], [2131.03857421875, 576.1156005859375, 2998.3505859375, 1249.0655517578125, 0.70654296875, 2.0], [1614.304931640625, 527.9429321289062, 1796.988525390625, 1175.95068359375, 0.55615234375, 2.0], [1610.3902587890625, 473.4125061035156, 1796.1185302734375, 1095.5, 0.50537109375, 2.0], [1611.695068359375, 962.9639892578125, 1947.050048828125, 1251.5108642578125, 0.484619140625, 2.0], [903.413818359375, 926.58447265625, 1922.09228515625, 1802.984375, 0.56689453125, 2.0], [2575.1337890625, 1759.9468994140625, 3013.57421875, 1932.0968017578125, 0.78125, 0.0], [1954.226806640625, 905.0656127929688, 2641.030029296875, 1867.54052734375, 0.572265625, 2.0]]
detections: [[873.4015502929688, 944.379638671875, 1292.703857421875, 1156.6328125, 0.482421875, 0.0], [1785.0797119140625, 552.640625, 1952.1046142578125, 923.3499755859375, 0.734375, 0.0], [1936.446044921875, 666.1031494140625, 2058.235107421875, 922.371826171875, 0.77783203125, 0.0], [1002.1500244140625, 486.8616943359375, 1812.9171142578125, 1085.9632568359375, 0.5498046875, 2.0], [2911.358154296875, 702.293701171875, 3261.936767578125, 1250.043701171875, 0.611328125, 0.0], [1787.7999267578125, 554.8413696289062, 1951.8890380859375, 920.1710815429688, 0.73193359375, 0.0], [1940.525634765625, 667.0812377929688, 2061.009765625, 922.3718872070312, 0.77392578125, 0.0], [2137.1279296875, 573.1812744140625, 2999.220703125, 1249.0655517578125, 0.69970703125, 2.0], [1614.304931640625, 527.2093505859375, 1797.640869140625, 1181.574951171875, 0.55810546875, 2.0], [1610.39013671875, 471.7007751464844, 1796.77099609375, 1103.0804443359375, 0.495849609375, 2.0], [1611.695068359375, 964.1866455078125, 1945.7451171875, 1252.2445068359375, 0.48876953125, 2.0], [909.938232421875, 927.0734252929688, 1922.52734375, 1799.07177734375, 0.6083984375, 2.0], [2575.1337890625, 1759.94677734375, 3013.57421875, 1931.11865234375, 0.78173828125, 0.0], [1954.8792724609375, 905.5547485351562, 2641.24755859375, 1865.58447265625, 0.56689453125, 2.0]]

⏰ 定时触发 → 后台线程已启动
最清晰帧: 批次 1/2 中的第 1 张
检测结果: 药袋 1 个, 药瓶 5 个, 输液袋 5 个

============================================================
[单线程顺序处理] 共 11 个任务: 药瓶 5, 药袋 1, 输液袋 5
============================================================
🔍 药品匹配模式，查询：盗摄松注射用实onesoHusNO7St1.0og
[警告] 以下药品未在缓存中找到: ['注射用头孢唑啉钠']
药瓶旋转
[特征提取耗时] 0.0328 秒
[分类耗时] 0.0775 秒
🔍 药品匹配模式，查询：10[产号]250608【有效期12027.05。
🔍 药品匹配模式，查询：买狗吸得销舒巴短修2510062927/09
药瓶旋转
[特征提取耗时] 0.0367 秒
[分类耗时] 0.0536 秒

[Timing Summary last 5] background_total:avg=3.59s,max=4.04s,p95=4.04s | bag_count:avg=1.00s,max=1.00s,p95=1.00s | bag_match:avg=0.00s,max=0.00s,p95=0.00s | bag_ocr_angle_cls:avg=0.04s,max=0.07s,p95=0.07s | bag_ocr_bag_angle_cls:avg=0.01s,max=0.01s,p95=0.01s | bag_ocr_bag_angle_pred:avg=0.00s,max=0.00s,p95=0.00s | bag_ocr_bag_name_roi_extract:avg=0.06s,max=0.19s,p95=0.19s | bag_ocr_bottle_angle_cls:avg=0.05s,max=0.06s,p95=0.06s | bag_ocr_bottle_angle_pred:avg=8.20s,max=10.00s,p95=10.00s | bag_ocr_mixed_rknn_det:avg=1.16s,max=1.22s,p95=1.22s | bag_ocr_mixed_rknn_det_infer:avg=0.98s,max=1.09s,p95=1.09s | bag_ocr_mixed_rknn_rec:avg=1.55s,max=1.75s,p95=1.75s | bag_ocr_mixed_text_regions:avg=56.60s,max=67.00s,p95=67.00s | bag_ocr_shuye_angle_cls:avg=0.04s,max=0.07s,p95=0.07s | bag_ocr_shuye_preprocess:avg=0.03s,max=0.04s,p95=0.04s | bag_total:avg=0.00s,max=0.00s,p95=0.00s | bottle_classify:avg=0.38s,max=0.92s,p95=0.92s | bottle_count:avg=5.20s,max=6.00s,p95=6.00s | bottle_match:avg=0.02s,max=0.03s,p95=0.03s | bottle_ocr_angle_cls:avg=0.23s,max=0.33s,p95=0.33s | bottle_ocr_bag_angle_cls:avg=0.01s,max=0.01s,p95=0.01s | bottle_ocr_bag_angle_pred:avg=0.00s,max=0.00s,p95=0.00s | bottle_ocr_bag_name_roi_extract:avg=0.06s,max=0.19s,p95=0.19s | bottle_ocr_bottle_angle_cls:avg=0.05s,max=0.06s,p95=0.06s | bottle_ocr_bottle_angle_pred:avg=8.20s,max=10.00s,p95=10.00s | bottle_ocr_mixed_rknn_det:avg=1.16s,max=1.22s,p95=1.22s | bottle_ocr_mixed_rknn_det_infer:avg=0.98s,max=1.09s,p95=1.09s | bottle_ocr_mixed_rknn_rec:avg=1.55s,max=1.75s,p95=1.75s | bottle_ocr_mixed_text_regions:avg=56.60s,max=67.00s,p95=67.00s | bottle_ocr_shuye_angle_cls:avg=0.04s,max=0.07s,p95=0.07s | bottle_ocr_shuye_preprocess:avg=0.03s,max=0.04s,p95=0.04s | bottle_total:avg=0.40s,max=0.94s,p95=0.94s | crop:avg=0.00s,max=0.01s,p95=0.01s | prepare_and_recognition:avg=3.31s,max=3.76s,p95=3.76s | recognition_tasks:avg=3.59s,max=4.04s,p95=4.04s | runtime_excluding_model_init:avg=3.59s,max=4.04s,p95=4.04s | select_sharpest:avg=0.28s,max=0.28s,p95=0.28s | shuye_count:avg=5.20s,max=6.00s,p95=6.00s | shuye_ocr_angle_cls:avg=0.24s,max=0.40s,p95=0.40s | shuye_ocr_bag_angle_cls:avg=0.01s,max=0.01s,p95=0.01s | shuye_ocr_bag_angle_pred:avg=0.00s,max=0.00s,p95=0.00s | shuye_ocr_bag_name_roi_extract:avg=0.06s,max=0.19s,p95=0.19s | shuye_ocr_bottle_angle_cls:avg=0.05s,max=0.06s,p95=0.06s | shuye_ocr_bottle_angle_pred:avg=8.20s,max=10.00s,p95=10.00s | shuye_ocr_mixed_rknn_det:avg=1.16s,max=1.22s,p95=1.22s | shuye_ocr_mixed_rknn_det_infer:avg=0.98s,max=1.09s,p95=1.09s | shuye_ocr_mixed_rknn_rec:avg=1.55s,max=1.75s,p95=1.75s | shuye_ocr_mixed_text_regions:avg=56.60s,max=67.00s,p95=67.00s | shuye_ocr_shuye_angle_cls:avg=0.04s,max=0.07s,p95=0.07s | shuye_ocr_shuye_preprocess:avg=0.03s,max=0.04s,p95=0.04s | shuye_total:avg=0.00s,max=0.00s,p95=0.00s | target_count:avg=11.40s,max=12.00s,p95=12.00s

[Step Timing Detail]
  batch: background_total=3.4326s | bag_count=1.0000s | bag_match=0.0000s | bag_ocr_angle_cls=0.0377s | bag_ocr_bag_angle_cls=0.0074s | bag_ocr_bag_angle_pred=0.0000s | bag_ocr_bag_name_roi_extract=0.0184s | bag_ocr_bottle_angle_cls=0.0381s | bag_ocr_bottle_angle_pred=10.0000s | bag_ocr_mixed_rknn_det=1.1257s | bag_ocr_mixed_rknn_det_infer=0.9446s | bag_ocr_mixed_rknn_rec=1.7448s | bag_ocr_mixed_text_regions=62.0000s | bag_ocr_shuye_angle_cls=0.0377s | bag_ocr_shuye_preprocess=0.0289s | bag_total=0.0000s | bottle_classify=0.1312s | bottle_count=5.0000s | bottle_match=0.0137s | bottle_ocr_angle_cls=0.1885s | bottle_ocr_bag_angle_cls=0.0074s | bottle_ocr_bag_angle_pred=0.0000s | bottle_ocr_bag_name_roi_extract=0.0184s | bottle_ocr_bottle_angle_cls=0.0381s | bottle_ocr_bottle_angle_pred=10.0000s | bottle_ocr_mixed_rknn_det=1.1257s | bottle_ocr_mixed_rknn_det_infer=0.9446s | bottle_ocr_mixed_rknn_rec=1.7448s | bottle_ocr_mixed_text_regions=62.0000s | bottle_ocr_shuye_angle_cls=0.0377s | bottle_ocr_shuye_preprocess=0.0289s | bottle_total=0.1451s | crop=0.0083s | prepare_and_recognition=3.1472s | recognition_tasks=3.4326s | runtime_excluding_model_init=3.4326s | select_sharpest=0.2770s | shuye_count=5.0000s | shuye_ocr_angle_cls=0.1885s | shuye_ocr_bag_angle_cls=0.0074s | shuye_ocr_bag_angle_pred=0.0000s | shuye_ocr_bag_name_roi_extract=0.0184s | shuye_ocr_bottle_angle_cls=0.0381s | shuye_ocr_bottle_angle_pred=10.0000s | shuye_ocr_mixed_rknn_det=1.1257s | shuye_ocr_mixed_rknn_det_infer=0.9446s | shuye_ocr_mixed_rknn_rec=1.7448s | shuye_ocr_mixed_text_regions=62.0000s | shuye_ocr_shuye_angle_cls=0.0377s | shuye_ocr_shuye_preprocess=0.0289s | shuye_total=0.0000s | target_count=11.0000s
  bag#1: status=done, result=['赵二虎'], timing: match=0.0000s | ocr_angle_cls=0.0377s | ocr_bag_angle_cls=0.0074s | ocr_bag_angle_pred=0.0000s | ocr_bag_name_roi_extract=0.0184s | ocr_bottle_angle_cls=0.0381s | ocr_bottle_angle_pred=10.0000s | ocr_mixed_rknn_det=1.1257s | ocr_mixed_rknn_det_infer=0.9446s | ocr_mixed_rknn_rec=1.7448s | ocr_mixed_text_regions=62.0000s | ocr_shuye_angle_cls=0.0377s | ocr_shuye_preprocess=0.0289s | total=0.0000s
  bottle#1: status=ocr_empty, result=, timing: ocr_angle_cls=0.0377s | ocr_bag_angle_cls=0.0074s | ocr_bag_angle_pred=0.0000s | ocr_bag_name_roi_extract=0.0184s | ocr_bottle_angle_cls=0.0381s | ocr_bottle_angle_pred=10.0000s | ocr_mixed_rknn_det=1.1257s | ocr_mixed_rknn_det_infer=0.9446s | ocr_mixed_rknn_rec=1.7448s | ocr_mixed_text_regions=62.0000s | ocr_shuye_angle_cls=0.0377s | ocr_shuye_preprocess=0.0289s | total=0.0000s
  bottle#2: status=done, result=注射用炎琥宁, timing: classify=0.0775s | match=0.0050s | ocr_angle_cls=0.0377s | ocr_bag_angle_cls=0.0074s | ocr_bag_angle_pred=0.0000s | ocr_bag_name_roi_extract=0.0184s | ocr_bottle_angle_cls=0.0381s | ocr_bottle_angle_pred=10.0000s | ocr_mixed_rknn_det=1.1257s | ocr_mixed_rknn_det_infer=0.9446s | ocr_mixed_rknn_rec=1.7448s | ocr_mixed_text_regions=62.0000s | ocr_shuye_angle_cls=0.0377s | ocr_shuye_preprocess=0.0289s | total=0.0826s
    decision: weak_sift_override_rejected: predicted=灭菌注射用水, good=1, score=0.0031, ocr_top1=注射用炎琥宁
  bottle#3: status=no_candidates, result=, timing: match=0.0049s | ocr_angle_cls=0.0377s | ocr_bag_angle_cls=0.0074s | ocr_bag_angle_pred=0.0000s | ocr_bag_name_roi_extract=0.0184s | ocr_bottle_angle_cls=0.0381s | ocr_bottle_angle_pred=10.0000s | ocr_mixed_rknn_det=1.1257s | ocr_mixed_rknn_det_infer=0.9446s | ocr_mixed_rknn_rec=1.7448s | ocr_mixed_text_regions=62.0000s | ocr_shuye_angle_cls=0.0377s | ocr_shuye_preprocess=0.0289s | total=0.0050s
  bottle#4: status=done, result=注射用头孢哌酮钠舒巴坦钠（2：1）, timing: classify=0.0537s | match=0.0038s | ocr_angle_cls=0.0377s | ocr_bag_angle_cls=0.0074s | ocr_bag_angle_pred=0.0000s | ocr_bag_name_roi_extract=0.0184s | ocr_bottle_angle_cls=0.0381s | ocr_bottle_angle_pred=10.0000s | ocr_mixed_rknn_det=1.1257s | ocr_mixed_rknn_det_infer=0.9446s | ocr_mixed_rknn_rec=1.7448s | ocr_mixed_text_regions=62.0000s | ocr_shuye_angle_cls=0.0377s | ocr_shuye_preprocess=0.0289s | total=0.0575s
    decision: weak_sift_override_rejected: predicted=注射用头孢哌酮钠舒巴坦钠, good=2, score=0.0055, ocr_top1=注射用头孢哌酮钠舒巴坦钠（2：1）
  bottle#5: status=ocr_empty, result=, timing: ocr_angle_cls=0.0377s | ocr_bag_angle_cls=0.0074s | ocr_bag_angle_pred=0.0000s | ocr_bag_name_roi_extract=0.0184s | ocr_bottle_angle_cls=0.0381s | ocr_bottle_angle_pred=10.0000s | ocr_mixed_rknn_det=1.1257s | ocr_mixed_rknn_det_infer=0.9446s | ocr_mixed_rknn_rec=1.7448s | ocr_mixed_text_regions=62.0000s | ocr_shuye_angle_cls=0.0377s | ocr_shuye_preprocess=0.0289s | total=0.0000s
  shuye#1: status=ocr_empty, result=, timing: ocr_angle_cls=0.0377s | ocr_bag_angle_cls=0.0074s | ocr_bag_angle_pred=0.0000s | ocr_bag_name_roi_extract=0.0184s | ocr_bottle_angle_cls=0.0381s | ocr_bottle_angle_pred=10.0000s | ocr_mixed_rknn_det=1.1257s | ocr_mixed_rknn_det_infer=0.9446s | ocr_mixed_rknn_rec=1.7448s | ocr_mixed_text_regions=62.0000s | ocr_shuye_angle_cls=0.0377s | ocr_shuye_preprocess=0.0289s | total=0.0000s
  shuye#2: status=partial, result=, timing: ocr_angle_cls=0.0377s | ocr_bag_angle_cls=0.0074s | ocr_bag_angle_pred=0.0000s | ocr_bag_name_roi_extract=0.0184s | ocr_bottle_angle_cls=0.0381s | ocr_bottle_angle_pred=10.0000s | ocr_mixed_rknn_det=1.1257s | ocr_mixed_rknn_det_infer=0.9446s | ocr_mixed_rknn_rec=1.7448s | ocr_mixed_text_regions=62.0000s | ocr_shuye_angle_cls=0.0377s | ocr_shuye_preprocess=0.0289s | total=0.0000s
  shuye#3: status=partial, result=, timing: ocr_angle_cls=0.0377s | ocr_bag_angle_cls=0.0074s | ocr_bag_angle_pred=0.0000s | ocr_bag_name_roi_extract=0.0184s | ocr_bottle_angle_cls=0.0381s | ocr_bottle_angle_pred=10.0000s | ocr_mixed_rknn_det=1.1257s | ocr_mixed_rknn_det_infer=0.9446s | ocr_mixed_rknn_rec=1.7448s | ocr_mixed_text_regions=62.0000s | ocr_shuye_angle_cls=0.0377s | ocr_shuye_preprocess=0.0289s | total=0.0000s
  shuye#4: status=done, result=葡萄糖注射液, timing: ocr_angle_cls=0.0377s | ocr_bag_angle_cls=0.0074s | ocr_bag_angle_pred=0.0000s | ocr_bag_name_roi_extract=0.0184s | ocr_bottle_angle_cls=0.0381s | ocr_bottle_angle_pred=10.0000s | ocr_mixed_rknn_det=1.1257s | ocr_mixed_rknn_det_infer=0.9446s | ocr_mixed_rknn_rec=1.7448s | ocr_mixed_text_regions=62.0000s | ocr_shuye_angle_cls=0.0377s | ocr_shuye_preprocess=0.0289s | total=0.0000s
  shuye#5: status=partial, result=, timing: ocr_angle_cls=0.0377s | ocr_bag_angle_cls=0.0074s | ocr_bag_angle_pred=0.0000s | ocr_bag_name_roi_extract=0.0184s | ocr_bottle_angle_cls=0.0381s | ocr_bottle_angle_pred=10.0000s | ocr_mixed_rknn_det=1.1257s | ocr_mixed_rknn_det_infer=0.9446s | ocr_mixed_rknn_rec=1.7448s | ocr_mixed_text_regions=62.0000s | ocr_shuye_angle_cls=0.0377s | ocr_shuye_preprocess=0.0289s | total=0.0000s

[单线程顺序处理完成] 耗时: 3.43s, 完成任务: 11/11

============================================================
【处理结果汇总】
  药瓶: 5 个
  药袋: 1 个
  输液袋: 5 个
============================================================
  药瓶 2: 注射用炎琥宁 (方式: ocr_candidate_sift_rejected, 置信度: 0.0288)
  药瓶 4: 注射用头孢哌酮钠舒巴坦钠（2：1） (方式: ocr_candidate_sift_rejected, 置信度: 0.0400)

🏥 识别药品（去重后）: ['注射用头孢哌酮钠舒巴坦钠（2：1）', '注射用炎琥宁']
  药袋 1: 患者 ['赵二虎']

👤 患者姓名: ['赵二虎']
  输液袋 1: 液体=None, 浓度=None, 容量=None, 状态=ocr_empty
  输液袋 2: 液体=None, 浓度=5%, 容量=None, 状态=partial
  输液袋 3: 液体=None, 浓度=None, 容量=None, 状态=partial
  输液袋 4: 液体=葡萄糖注射液, 浓度=5%, 容量=50ml, 状态=done
  输液袋 5: 液体=None, 浓度=None, 容量=None, 状态=partial

💧 输液袋信息: [{'liquid': None, 'concentration': None, 'volume': None, 'raw_text': '', 'missing': ['liquid', 'concentration', 'volume'], 'status': 'ocr_empty'}, {'liquid': None, 'concentration': '5%', 'volume': None, 'raw_text': '供静除注射或滴注 中 5%）', 'missing': ['liquid', 'volume'], 'status': 'partial'}, {'liquid': None, 'concentration': None, 'volume': None, 'raw_text': '113134', 'missing': ['liquid', 'concentration', 'volume'], 'status': 'partial'}, {'liquid': '葡萄糖注射液', 'concentration': '5%', 'volume': '50ml', 'raw_text': '供静脉注射或清注 葡萄糖注射液 Glucoselnjectin 5% 50ml', 'missing': [], 'status': 'done'}, {'liquid': None, 'concentration': None, 'volume': None, 'raw_text': '葡 Glu', 'missing': ['liquid', 'concentration', 'volume'], 'status': 'partial'}]
💧 输液袋结构化信息: [{'index': 0, 'liquid': None, 'concentration': None, 'volume': None, 'raw_text': '', 'status': 'ocr_empty'}, {'index': 1, 'liquid': None, 'concentration': '5%', 'volume': None, 'raw_text': '供静除注射或滴注 中 5%）', 'status': 'partial'}, {'index': 2, 'liquid': None, 'concentration': None, 'volume': None, 'raw_text': '113134', 'status': 'partial'}, {'index': 3, 'liquid': '葡萄糖注射液', 'concentration': '5%', 'volume': '50ml', 'raw_text': '供静脉注射或清注 葡萄糖注射液 Glucoselnjectin 5% 50ml', 'status': 'done'}, {'index': 4, 'liquid': None, 'concentration': None, 'volume': None, 'raw_text': '葡 Glu', 'status': 'partial'}]
利用“魏理想”作为测试病人

============================================================
【数据库匹配结果】
  患者: ['赵二虎']
  识别药品: ['注射用头孢哌酮钠舒巴坦钠（2：1）', '注射用炎琥宁']
  输液袋信息: [{'liquid': None, 'concentration': None, 'volume': None, 'raw_text': '', 'missing': ['liquid', 'concentration', 'volume'], 'status': 'ocr_empty'}, {'liquid': None, 'concentration': '5%', 'volume': None, 'raw_text': '供静除注射或滴注 中 5%）', 'missing': ['liquid', 'volume'], 'status': 'partial'}, {'liquid': None, 'concentration': None, 'volume': None, 'raw_text': '113134', 'missing': ['liquid', 'concentration', 'volume'], 'status': 'partial'}, {'liquid': '葡萄糖注射液', 'concentration': '5%', 'volume': '50ml', 'raw_text': '供静脉注射或清注 葡萄糖注射液 Glucoselnjectin 5% 50ml', 'missing': [], 'status': 'done'}, {'liquid': None, 'concentration': None, 'volume': None, 'raw_text': '葡 Glu', 'missing': ['liquid', 'concentration', 'volume'], 'status': 'partial'}]
  数据库药品: ['注射用艾司奥拉美拉唑钠', '破伤风人免疫球蛋白']
  ❌ 缺少: ['注射用头孢哌酮钠舒巴坦钠（2：1）', '注射用炎琥宁']
     多余: ['注射用艾司奥拉美拉唑钠', '破伤风人免疫球蛋白']
============================================================

⏱ 总耗时: 3.44s (多线程处理: 3.43s)
🔓 后台处理完成
detections: [[1785.0797119140625, 552.3960571289062, 1952.1046142578125, 922.6163940429688, 0.74755859375, 0.0], [1936.446044921875, 666.1031494140625, 2058.235107421875, 922.371826171875, 0.7763671875, 0.0], [998.6702880859375, 487.83984375, 1812.9171142578125, 1090.8538818359375, 0.461181640625, 2.0], [2910.48828125, 703.2718505859375, 3262.806640625, 1250.043701171875, 0.59423828125, 0.0], [1787.7454833984375, 554.8413696289062, 1952.3782958984375, 920.1710815429688, 0.7353515625, 0.0], [1940.1993408203125, 667.0812377929688, 2060.90087890625, 922.3718872070312, 0.77294921875, 0.0], [2131.473388671875, 573.42578125, 2997.915771484375, 1249.7991943359375, 0.6923828125, 2.0], [1613.6524658203125, 555.3304443359375, 1804.2740478515625, 1242.4632568359375, 0.58544921875, 2.0], [1610.1728515625, 474.3905944824219, 1795.68359375, 1117.996826171875, 0.49609375, 2.0], [1612.5650634765625, 970.7890625, 1944.0052490234375, 1251.510986328125, 0.491455078125, 2.0], [906.4586181640625, 928.5406494140625, 1920.7874755859375, 1789.2906494140625, 0.560546875, 2.0], [1118.7196044921875, 907.2664184570312, 1833.7952880859375, 1120.008544921875, 0.4638671875, 2.0], [2574.69873046875, 1759.7022705078125, 3014.00927734375, 1932.3414306640625, 0.779296875, 0.0], [1952.052001953125, 908.9781494140625, 2641.465087890625, 1867.0516357421875, 0.5595703125, 2.0], [1611.6951904296875, 958.862548828125, 1903.9888916015625, 1835.262451171875, 0.468017578125, 2.0]]
detections: [[1785.9495849609375, 552.3960571289062, 1951.2347412109375, 922.6163940429688, 0.74609375, 0.0], [1936.446044921875, 666.1031494140625, 2058.235107421875, 922.371826171875, 0.77587890625, 0.0], [1000.41015625, 489.3070068359375, 1812.917236328125, 1087.430419921875, 0.50048828125, 2.0], [2910.92333984375, 702.5382080078125, 3262.37158203125, 1249.7991943359375, 0.5703125, 0.0], [1787.41943359375, 555.0859375, 1952.26953125, 919.926513671875, 0.73291015625, 0.0], [1940.5255126953125, 667.0812377929688, 2060.57470703125, 922.3718872070312, 0.7724609375, 0.0], [2134.51806640625, 576.360107421875, 2998.3505859375, 1248.821044921875, 0.7021484375, 2.0], [1613.6524658203125, 554.5968627929688, 1806.4488525390625, 1243.19677734375, 0.57568359375, 2.0], [1610.39013671875, 469.7445373535156, 1795.68359375, 1114.8179931640625, 0.48681640625, 2.0], [1612.5650634765625, 970.5445556640625, 1941.8304443359375, 1251.7554931640625, 0.488037109375, 2.0], [909.9383544921875, 928.0516357421875, 1920.7874755859375, 1796.6265869140625, 0.5771484375, 2.0], [2575.568603515625, 1759.7022705078125, 3013.139404296875, 1932.3414306640625, 0.78076171875, 0.0], [1953.139404296875, 907.02197265625, 2642.117431640625, 1866.5625, 0.59423828125, 2.0], [1611.6951904296875, 958.8624877929688, 1907.0335693359375, 1835.75146484375, 0.459716796875, 2.0]]
detections: [[1785.9495849609375, 552.1515502929688, 1951.2347412109375, 922.8609008789062, 0.740234375, 0.0], [1936.446044921875, 666.1031494140625, 2058.235107421875, 922.371826171875, 0.77685546875, 0.0], [1000.41015625, 489.0624694824219, 1812.917236328125, 1083.762451171875, 0.5498046875, 2.0], [2911.358154296875, 702.293701171875, 3261.936767578125, 1250.043701171875, 0.560546875, 0.0], [1787.364990234375, 554.5968627929688, 1952.323974609375, 919.4374389648438, 0.728515625, 0.0], [1940.090576171875, 667.0812377929688, 2061.009765625, 922.3718872070312, 0.77197265625, 0.0], [2132.995849609375, 574.1593627929688, 2998.133056640625, 1249.065673828125, 0.68359375, 2.0], [1613.6524658203125, 552.640625, 1806.8839111328125, 1244.1749267578125, 0.58154296875, 2.0], [1610.0640869140625, 470.4781188964844, 1795.7923583984375, 1121.9093017578125, 0.48876953125, 2.0], [1611.6951904296875, 964.4312133789062, 1946.1800537109375, 1252.0, 0.49072265625, 2.0], [909.9383544921875, 927.5625, 1920.7874755859375, 1794.18115234375, 0.568359375, 2.0], [2575.568603515625, 1759.9468994140625, 3013.139404296875, 1932.0968017578125, 0.7763671875, 0.0], [1957.4891357421875, 907.02197265625, 2641.247802734375, 1866.5625, 0.56884765625, 2.0]]
detections: [[1785.0797119140625, 552.3960571289062, 1952.1046142578125, 922.6163940429688, 0.74365234375, 0.0], [1936.446044921875, 666.34765625, 2058.235107421875, 922.1273193359375, 0.7783203125, 0.0], [999.105224609375, 488.0843811035156, 1812.482177734375, 1086.6968994140625, 0.55126953125, 2.0], [2911.79345703125, 702.293701171875, 3263.24169921875, 1250.043701171875, 0.5341796875, 0.0], [1787.854248046875, 555.0859375, 1952.26953125, 918.9483642578125, 0.7265625, 0.0], [1940.090576171875, 667.0812377929688, 2061.009765625, 922.3718872070312, 0.77099609375, 0.0], [2388.31787109375, 814.0444946289062, 2753.25, 1052.2178955078125, 0.5009765625, 1.0], [2136.04052734375, 570.98046875, 2996.828125, 1250.2882080078125, 0.677734375, 2.0], [1613.543701171875, 551.6624755859375, 1804.491455078125, 1242.21875, 0.564453125, 2.0], [1610.39013671875, 473.6570129394531, 1795.68359375, 1108.94921875, 0.5009765625, 2.0], [1611.695068359375, 964.6757202148438, 1945.7451171875, 1251.75537109375, 0.490478515625, 2.0], [909.9383544921875, 927.5625, 1920.7874755859375, 1794.18115234375, 0.57763671875, 2.0], [2576.003662109375, 1759.2132568359375, 3012.704345703125, 1930.8741455078125, 0.77783203125, 0.0], [1957.4891357421875, 907.0218505859375, 2641.247802734375, 1865.5843505859375, 0.5615234375, 2.0]]

⏰ 定时触发 → 后台线程已启动
最清晰帧: 批次 1/2 中的第 1 张
检测结果: 药袋 0 个, 药瓶 4 个, 输液袋 6 个

============================================================
[单线程顺序处理] 共 10 个任务: 药瓶 4, 药袋 0, 输液袋 6
============================================================
🔍 药品匹配模式，查询：10[产品号]250608【有期12027.05.
🔍 药品匹配模式，查询：头我吸闯钠舒巴短换2510062927/09
药瓶旋转
[特征提取耗时] 0.0274 秒
[分类耗时] 0.0378 秒

[Timing Summary last 6] background_total:avg=3.37s,max=4.04s,p95=4.04s | bag_count:avg=0.83s,max=1.00s,p95=1.00s | bag_match:avg=0.00s,max=0.00s,p95=0.00s | bag_ocr_angle_cls:avg=0.04s,max=0.07s,p95=0.07s | bag_ocr_bag_angle_cls:avg=0.01s,max=0.01s,p95=0.01s | bag_ocr_bag_angle_pred:avg=0.00s,max=0.00s,p95=0.00s | bag_ocr_bag_name_roi_extract:avg=0.06s,max=0.19s,p95=0.19s | bag_ocr_bottle_angle_cls:avg=0.05s,max=0.06s,p95=0.06s | bag_ocr_bottle_angle_pred:avg=8.20s,max=10.00s,p95=10.00s | bag_ocr_mixed_rknn_det:avg=1.16s,max=1.22s,p95=1.22s | bag_ocr_mixed_rknn_det_infer:avg=0.98s,max=1.09s,p95=1.09s | bag_ocr_mixed_rknn_rec:avg=1.55s,max=1.75s,p95=1.75s | bag_ocr_mixed_text_regions:avg=56.60s,max=67.00s,p95=67.00s | bag_ocr_shuye_angle_cls:avg=0.04s,max=0.07s,p95=0.07s | bag_ocr_shuye_preprocess:avg=0.03s,max=0.04s,p95=0.04s | bag_total:avg=0.00s,max=0.00s,p95=0.00s | bottle_classify:avg=0.33s,max=0.92s,p95=0.92s | bottle_count:avg=5.00s,max=6.00s,p95=6.00s | bottle_match:avg=0.02s,max=0.03s,p95=0.03s | bottle_ocr_angle_cls:avg=0.23s,max=0.33s,p95=0.33s | bottle_ocr_bag_angle_cls:avg=0.01s,max=0.01s,p95=0.01s | bottle_ocr_bag_angle_pred:avg=0.00s,max=0.00s,p95=0.00s | bottle_ocr_bag_name_roi_extract:avg=0.06s,max=0.19s,p95=0.19s | bottle_ocr_bottle_angle_cls:avg=0.04s,max=0.06s,p95=0.06s | bottle_ocr_bottle_angle_pred:avg=8.00s,max=10.00s,p95=10.00s | bottle_ocr_mixed_rknn_det:avg=1.09s,max=1.22s,p95=1.22s | bottle_ocr_mixed_rknn_det_infer:avg=0.93s,max=1.09s,p95=1.09s | bottle_ocr_mixed_rknn_rec:avg=1.48s,max=1.75s,p95=1.75s | bottle_ocr_mixed_text_regions:avg=52.17s,max=67.00s,p95=67.00s | bottle_ocr_shuye_angle_cls:avg=0.05s,max=0.07s,p95=0.07s | bottle_ocr_shuye_preprocess:avg=0.03s,max=0.04s,p95=0.04s | bottle_total:avg=0.34s,max=0.94s,p95=0.94s | crop:avg=0.01s,max=0.01s,p95=0.01s | prepare_and_recognition:avg=3.09s,max=3.76s,p95=3.76s | recognition_tasks:avg=3.37s,max=4.04s,p95=4.04s | runtime_excluding_model_init:avg=3.37s,max=4.04s,p95=4.04s | select_sharpest:avg=0.28s,max=0.28s,p95=0.28s | shuye_count:avg=5.33s,max=6.00s,p95=6.00s | shuye_ocr_angle_cls:avg=0.25s,max=0.40s,p95=0.40s | shuye_ocr_bag_angle_cls:avg=0.01s,max=0.01s,p95=0.01s | shuye_ocr_bag_angle_pred:avg=0.00s,max=0.00s,p95=0.00s | shuye_ocr_bag_name_roi_extract:avg=0.06s,max=0.19s,p95=0.19s | shuye_ocr_bottle_angle_cls:avg=0.04s,max=0.06s,p95=0.06s | shuye_ocr_bottle_angle_pred:avg=8.00s,max=10.00s,p95=10.00s | shuye_ocr_mixed_rknn_det:avg=1.09s,max=1.22s,p95=1.22s | shuye_ocr_mixed_rknn_det_infer:avg=0.93s,max=1.09s,p95=1.09s | shuye_ocr_mixed_rknn_rec:avg=1.48s,max=1.75s,p95=1.75s | shuye_ocr_mixed_text_regions:avg=52.17s,max=67.00s,p95=67.00s | shuye_ocr_shuye_angle_cls:avg=0.05s,max=0.07s,p95=0.07s | shuye_ocr_shuye_preprocess:avg=0.03s,max=0.04s,p95=0.04s | shuye_total:avg=0.00s,max=0.00s,p95=0.00s | target_count:avg=11.17s,max=12.00s,p95=12.00s

[Step Timing Detail]
  batch: background_total=2.2715s | bag_count=0.0000s | bottle_classify=0.0379s | bottle_count=4.0000s | bottle_match=0.0096s | bottle_ocr_angle_cls=0.2088s | bottle_ocr_bottle_angle_cls=0.0291s | bottle_ocr_bottle_angle_pred=7.0000s | bottle_ocr_mixed_rknn_det=0.7295s | bottle_ocr_mixed_rknn_det_infer=0.6342s | bottle_ocr_mixed_rknn_rec=1.0936s | bottle_ocr_mixed_text_regions=30.0000s | bottle_ocr_shuye_angle_cls=0.0522s | bottle_ocr_shuye_preprocess=0.0282s | bottle_total=0.0476s | crop=0.0061s | prepare_and_recognition=1.9811s | recognition_tasks=2.2715s | runtime_excluding_model_init=2.2715s | select_sharpest=0.2843s | shuye_count=6.0000s | shuye_ocr_angle_cls=0.3132s | shuye_ocr_bottle_angle_cls=0.0291s | shuye_ocr_bottle_angle_pred=7.0000s | shuye_ocr_mixed_rknn_det=0.7295s | shuye_ocr_mixed_rknn_det_infer=0.6342s | shuye_ocr_mixed_rknn_rec=1.0936s | shuye_ocr_mixed_text_regions=30.0000s | shuye_ocr_shuye_angle_cls=0.0522s | shuye_ocr_shuye_preprocess=0.0282s | shuye_total=0.0000s | target_count=10.0000s
  bottle#1: status=ocr_empty, result=, timing: ocr_angle_cls=0.0522s | ocr_bottle_angle_cls=0.0291s | ocr_bottle_angle_pred=7.0000s | ocr_mixed_rknn_det=0.7295s | ocr_mixed_rknn_det_infer=0.6342s | ocr_mixed_rknn_rec=1.0936s | ocr_mixed_text_regions=30.0000s | ocr_shuye_angle_cls=0.0522s | ocr_shuye_preprocess=0.0282s | total=0.0000s
  bottle#2: status=no_candidates, result=, timing: match=0.0049s | ocr_angle_cls=0.0522s | ocr_bottle_angle_cls=0.0291s | ocr_bottle_angle_pred=7.0000s | ocr_mixed_rknn_det=0.7295s | ocr_mixed_rknn_det_infer=0.6342s | ocr_mixed_rknn_rec=1.0936s | ocr_mixed_text_regions=30.0000s | ocr_shuye_angle_cls=0.0522s | ocr_shuye_preprocess=0.0282s | total=0.0049s
  bottle#3: status=done, result=注射用头孢哌酮钠舒巴坦钠（2：1）, timing: classify=0.0379s | match=0.0047s | ocr_angle_cls=0.0522s | ocr_bottle_angle_cls=0.0291s | ocr_bottle_angle_pred=7.0000s | ocr_mixed_rknn_det=0.7295s | ocr_mixed_rknn_det_infer=0.6342s | ocr_mixed_rknn_rec=1.0936s | ocr_mixed_text_regions=30.0000s | ocr_shuye_angle_cls=0.0522s | ocr_shuye_preprocess=0.0282s | total=0.0426s
    decision: sift_agrees_with_ocr_top1
  bottle#4: status=ocr_empty, result=, timing: ocr_angle_cls=0.0522s | ocr_bottle_angle_cls=0.0291s | ocr_bottle_angle_pred=7.0000s | ocr_mixed_rknn_det=0.7295s | ocr_mixed_rknn_det_infer=0.6342s | ocr_mixed_rknn_rec=1.0936s | ocr_mixed_text_regions=30.0000s | ocr_shuye_angle_cls=0.0522s | ocr_shuye_preprocess=0.0282s | total=0.0000s
  shuye#1: status=ocr_empty, result=, timing: ocr_angle_cls=0.0522s | ocr_bottle_angle_cls=0.0291s | ocr_bottle_angle_pred=7.0000s | ocr_mixed_rknn_det=0.7295s | ocr_mixed_rknn_det_infer=0.6342s | ocr_mixed_rknn_rec=1.0936s | ocr_mixed_text_regions=30.0000s | ocr_shuye_angle_cls=0.0522s | ocr_shuye_preprocess=0.0282s | total=0.0000s
  shuye#2: status=done, result=葡萄糖注射液, timing: ocr_angle_cls=0.0522s | ocr_bottle_angle_cls=0.0291s | ocr_bottle_angle_pred=7.0000s | ocr_mixed_rknn_det=0.7295s | ocr_mixed_rknn_det_infer=0.6342s | ocr_mixed_rknn_rec=1.0936s | ocr_mixed_text_regions=30.0000s | ocr_shuye_angle_cls=0.0522s | ocr_shuye_preprocess=0.0282s | total=0.0000s
  shuye#3: status=ocr_empty, result=, timing: ocr_angle_cls=0.0522s | ocr_bottle_angle_cls=0.0291s | ocr_bottle_angle_pred=7.0000s | ocr_mixed_rknn_det=0.7295s | ocr_mixed_rknn_det_infer=0.6342s | ocr_mixed_rknn_rec=1.0936s | ocr_mixed_text_regions=30.0000s | ocr_shuye_angle_cls=0.0522s | ocr_shuye_preprocess=0.0282s | total=0.0000s
  shuye#4: status=done, result=葡萄糖注射液, timing: ocr_angle_cls=0.0522s | ocr_bottle_angle_cls=0.0291s | ocr_bottle_angle_pred=7.0000s | ocr_mixed_rknn_det=0.7295s | ocr_mixed_rknn_det_infer=0.6342s | ocr_mixed_rknn_rec=1.0936s | ocr_mixed_text_regions=30.0000s | ocr_shuye_angle_cls=0.0522s | ocr_shuye_preprocess=0.0282s | total=0.0000s
  shuye#5: status=partial, result=, timing: ocr_angle_cls=0.0522s | ocr_bottle_angle_cls=0.0291s | ocr_bottle_angle_pred=7.0000s | ocr_mixed_rknn_det=0.7295s | ocr_mixed_rknn_det_infer=0.6342s | ocr_mixed_rknn_rec=1.0936s | ocr_mixed_text_regions=30.0000s | ocr_shuye_angle_cls=0.0522s | ocr_shuye_preprocess=0.0282s | total=0.0000s
  shuye#6: status=partial, result=, timing: ocr_angle_cls=0.0522s | ocr_bottle_angle_cls=0.0291s | ocr_bottle_angle_pred=7.0000s | ocr_mixed_rknn_det=0.7295s | ocr_mixed_rknn_det_infer=0.6342s | ocr_mixed_rknn_rec=1.0936s | ocr_mixed_text_regions=30.0000s | ocr_shuye_angle_cls=0.0522s | ocr_shuye_preprocess=0.0282s | total=0.0000s

[单线程顺序处理完成] 耗时: 2.27s, 完成任务: 10/10

============================================================
【处理结果汇总】
  药瓶: 4 个
  药袋: 0 个
  输液袋: 6 个
============================================================
  药瓶 3: 注射用头孢哌酮钠舒巴坦钠（2：1） (方式: sift_template, 置信度: 0.0318, SIFT good=2, score=0.0054)

🏥 识别药品（去重后）: ['注射用头孢哌酮钠舒巴坦钠（2：1）']

⚠️ 未识别到患者姓名
  输液袋 1: 液体=None, 浓度=None, 容量=None, 状态=ocr_empty
  输液袋 2: 液体=葡萄糖注射液, 浓度=5%, 容量=50ml, 状态=done
  输液袋 3: 液体=None, 浓度=None, 容量=None, 状态=ocr_empty
  输液袋 4: 液体=葡萄糖注射液, 浓度=5%, 容量=50ml, 状态=done
  输液袋 5: 液体=None, 浓度=None, 容量=None, 状态=partial
  输液袋 6: 液体=None, 浓度=None, 容量=None, 状态=partial

💧 输液袋信息: [{'liquid': None, 'concentration': None, 'volume': None, 'raw_text': '', 'missing': ['liquid', 'concentration', 'volume'], 'status': 'ocr_empty'}, {'liquid': '葡萄糖注射液', 'concentration': '5%', 'volume': '50ml', 'raw_text': '供静脉注射或滴注 葡萄糖注射液 Glucosenjection 5% 50ml應應應', 'missing': [], 'status': 'done'}, {'liquid': None, 'concentration': None, 'volume': None, 'raw_text': '', 'missing': ['liquid', 'concentration', 'volume'], 'status': 'ocr_empty'}, {'liquid': '葡萄糖注射液', 'concentration': '5%', 'volume': '50ml', 'raw_text': '供静脉注射或清注 葡萄糖注射液 Glucoselnjection （5% 50ml', 'missing': [], 'status': 'done'}, {'liquid': None, 'concentration': None, 'volume': None, 'raw_text': '供静脉 葡萄糖、 Glucose', 'missing': ['liquid', 'concentration', 'volume'], 'status': 'partial'}, {'liquid': None, 'concentration': None, 'volume': None, 'raw_text': '葡', 'missing': ['liquid', 'concentration', 'volume'], 'status': 'partial'}]
💧 输液袋结构化信息: [{'index': 0, 'liquid': None, 'concentration': None, 'volume': None, 'raw_text': '', 'status': 'ocr_empty'}, {'index': 1, 'liquid': '葡萄糖注射液', 'concentration': '5%', 'volume': '50ml', 'raw_text': '供静脉注射或滴注 葡萄糖注射液 Glucosenjection 5% 50ml應應應', 'status': 'done'}, {'index': 2, 'liquid': None, 'concentration': None, 'volume': None, 'raw_text': '', 'status': 'ocr_empty'}, {'index': 3, 'liquid': '葡萄糖注射液', 'concentration': '5%', 'volume': '50ml', 'raw_text': '供静脉注射或清注 葡萄糖注射液 Glucoselnjection （5% 50ml', 'status': 'done'}, {'index': 4, 'liquid': None, 'concentration': None, 'volume': None, 'raw_text': '供静脉 葡萄糖、 Glucose', 'status': 'partial'}, {'index': 5, 'liquid': None, 'concentration': None, 'volume': None, 'raw_text': '葡', 'status': 'partial'}]

⚠️ 跳过数据库比对：缺少患者姓名/药品信息，或当前匹配器不支持数据库校验

⏱ 总耗时: 2.27s (多线程处理: 2.27s)
🔓 后台处理完成
detections: [[871.6616821289062, 943.890625, 1290.9639892578125, 1157.121826171875, 0.474853515625, 0.0], [1785.0797119140625, 551.6624755859375, 1952.1046142578125, 923.3499755859375, 0.7392578125, 0.0], [1936.446044921875, 666.1031494140625, 2058.235107421875, 922.371826171875, 0.77734375, 0.0], [1005.6296997070312, 490.04058837890625, 1812.917236328125, 1081.80615234375, 0.56982421875, 2.0], [2912.663330078125, 702.293701171875, 3262.371826171875, 1250.043701171875, 0.55615234375, 0.0], [1788.07177734375, 554.8413696289062, 1952.052001953125, 920.1710815429688, 0.7275390625, 0.0], [1940.5255126953125, 666.34765625, 2061.444580078125, 922.1273193359375, 0.77294921875, 0.0], [2136.693115234375, 576.360107421875, 2999.655517578125, 1248.821044921875, 0.69287109375, 2.0], [1613.869873046875, 553.6187133789062, 1807.64501953125, 1243.19677734375, 0.56494140625, 2.0], [1612.7825927734375, 497.8656311035156, 1796.1185302734375, 1164.9468994140625, 0.5400390625, 2.0], [1611.6951904296875, 962.719482421875, 1945.3101806640625, 1251.75537109375, 0.5107421875, 2.0], [908.6333618164062, 927.0734252929688, 1920.3525390625, 1801.51708984375, 0.568359375, 2.0], [2575.568603515625, 1759.94677734375, 3013.139404296875, 1931.11865234375, 0.7822265625, 0.0], [1950.5296630859375, 908.9780883789062, 2641.24755859375, 1866.5625, 0.544921875, 2.0]]
detections: [[1785.9495849609375, 552.3960571289062, 1951.2347412109375, 922.6163940429688, 0.74169921875, 0.0], [1936.446044921875, 665.614013671875, 2058.235107421875, 921.8828125, 0.77685546875, 0.0], [1000.8450927734375, 487.106201171875, 1814.2220458984375, 1083.762451171875, 0.57421875, 2.0], [2913.968017578125, 703.2718505859375, 3262.806884765625, 1250.043701171875, 0.5048828125, 0.0], [1787.4737548828125, 555.0859375, 1952.2152099609375, 919.926513671875, 0.72998046875, 0.0], [1940.090576171875, 666.34765625, 2061.009765625, 922.1273193359375, 0.77197265625, 0.0], [2140.8251953125, 575.87109375, 2999.0029296875, 1249.31005859375, 0.69140625, 2.0], [1613.6524658203125, 553.6187133789062, 1807.7537841796875, 1242.21875, 0.568359375, 2.0], [1612.8912353515625, 496.1539001464844, 1797.4234619140625, 1156.8773193359375, 0.54248046875, 2.0], [1611.695068359375, 964.4312133789062, 1944.440185546875, 1252.0, 0.5146484375, 2.0], [836.4298706054688, 1407.08837890625, 1098.2763671875, 1772.41796875, 0.5078125, 0.0], [915.1578369140625, 927.5625, 1920.7874755859375, 1799.07177734375, 0.6025390625, 2.0], [2575.568603515625, 1759.7022705078125, 3013.139404296875, 1932.3414306640625, 0.77978515625, 0.0], [1950.5296630859375, 908.9780883789062, 2642.987548828125, 1866.5625, 0.529296875, 2.0]]
✅ 完成！总帧数: 60
数据库已断开连接
